video_id,channel_id,video_title,channel_title,category_name,live_upcoming_none,view_count,like_count,dislike_count,comment_count,published_at,tags,duration,definition,caption,thumbnail,url
LjIaeJH57-Q,UCoMdktPbSTixAyNGwb-UYkQ,ukraine war nato allies agree ukraine will become member,Sky News,Entertainment,none,277943,3327,0,1501,2023-04-21T15:12:52Z,"SKY NEWS LIVE,SKY NEWS,UK,UKRAINE,NATO,RUSSIA,WAR",PT4M4S,hd,False,https://i.ytimg.com/vi/LjIaeJH57-Q/default.jpg,https://www.youtube.com/watch?v=LjIaeJH57-Q
WIo5KDG319o,UCoMdktPbSTixAyNGwb-UYkQ,ukraine war why putin fears nato expansion,Sky News,News & Politics,none,532119,4642,0,1832,2022-03-22T15:09:45Z,"ukraine,russia,invasion,war,europe,nato,sky news,sky news breaking,zelenskyy,protests,watch sky news live,bombing,shelling,uk,us,border,poland,putin,ukraine war,kyiv,lviv,refugees,escape,chemical,weapons,nuclear,troops,soldiers,boris johnson,vladimir putin,latest news,eu,moscow,mariupol,odesa,odessa,humanitarian,ceasefire,president,Kharkiv,refugee crisis,mykolaiv,attack,belarus,Mariupol,sky news live,latest,Screen,Biological,Kyiv,attacks,Lviv,camouflage nets,Sean Bell",PT3M41S,hd,False,https://i.ytimg.com/vi/WIo5KDG319o/default.jpg,https://www.youtube.com/watch?v=WIo5KDG319o
1sc6ycvbN-w,UCoMdktPbSTixAyNGwb-UYkQ,ukraine war ukraine must ready for another russian assault  nato boss,Sky News,News & Politics,none,171815,2788,0,978,2023-01-26T12:20:05Z,"Volodymyr Zelenskyy,Ukraine,Ukraine War,Russia,Tanks,Sky News,Sky,War,Vladimir Putin,Kay Burley,Interview,Exclusive,Latest news,Latest bulletin,Comedian,Actor,President,Birthday,45,Hero,Leader,Leadership,Hope,Inspiration,United States,Donations,Support,NATO,Jens Stoltenberg,Norway,Spring offensive",PT6M49S,hd,False,https://i.ytimg.com/vi/1sc6ycvbN-w/default.jpg,https://www.youtube.com/watch?v=1sc6ycvbN-w
1pv3HQFn16s,UCoMdktPbSTixAyNGwb-UYkQ,ukraine war  nato enlargement is the result not the cause of putins war  lloyd austin,Sky News,News & Politics,none,87033,873,0,745,2023-04-21T15:16:36Z,"lloyd austin,ramstein,ramstein air base,austin,vladimir putin,putin,ramstein meeting,lloyd austin india,lloyd austin china,lloyd austin ukraine,lloyd austin army,lloyd austin korea,lloyd austin speech,lloyd austin germany,lloyd austin raytheon,lloyd austin press conference,lloyd austin arrives at pentagon,ramstein airbase,ramstein ukraine,ramstein conference",PT3M5S,hd,False,https://i.ytimg.com/vi/1pv3HQFn16s/default.jpg,https://www.youtube.com/watch?v=1pv3HQFn16s
s_PI3CBzFmA,UCoMdktPbSTixAyNGwb-UYkQ,ukraine war natos secretary general pledges continued support in surprise visit to kyiv,Sky News,News & Politics,none,17764,285,0,247,2023-04-20T18:45:52Z,"ukraine,nato,ukraine war,war in ukraine,russia ukraine war,russia ukraine,ukraine russia,ukraine russia news,russia ukraine news,ukraine news,ukraine russia war,russia ukraine war news,ukraine war news,nato ukraine,russia war ukraine,russia vs ukraine,ukraine russian,russian ukraine war,russia vs ukraine war update,russia ukraine war russian,russia ukraine war update,russia ukraine war live,ukraine war latest,ukraine nato,sky news",PT2M12S,hd,False,https://i.ytimg.com/vi/s_PI3CBzFmA/default.jpg,https://www.youtube.com/watch?v=s_PI3CBzFmA
LvBlPQjByd4,UCoMdktPbSTixAyNGwb-UYkQ,ukraine war new russian offensive has begun,Sky News,News & Politics,none,395111,3868,0,1617,2023-02-13T14:48:13Z,"russia ukraine war,ukraine russia war,ukraine war,russia vs ukraine war update,war in ukraine,russia,russia ukraine war news,ukraine,russia ukraine,ukraine russia,russia ukraine war russian,russia ukraine war live,russia war ukraine,russia ukraine war update,ukraine russia news,russia ukraine news,russian ukraine war,russia ukraine war map,ukraine war news,russia ukraine war update today,russia ukraine conflict,sky news,sky news ukraine,sky news world",PT2M31S,hd,False,https://i.ytimg.com/vi/LvBlPQjByd4/default.jpg,https://www.youtube.com/watch?v=LvBlPQjByd4
JQDOfXV0DZM,UCoMdktPbSTixAyNGwb-UYkQ,russia blames the ukraine war on nato alliance,Sky News,Entertainment,none,324019,3563,0,2743,2022-04-17T19:09:26Z,"SKY NEWS,SKY,NEWS,SKY NEWS LIVE,UK NEWS,LATEST,RUSSIA,UKRAINE,MOSCOW,VLADIMIR PUTIN,Volodymyr Zelenskyy,KYIV,KHARKIV,KHERSON,TROOPS,MILITARY,ARMY,REFUGEES,UK GOVERNMENT,NATO,WEST,DOWNING STREET,KREMLIN,CIVILIANS,SHELLING,BOMBING,LVIV,MARIUPOL,TRAIN,General,Poland,Leave,Refugees,Migrants,poland,charity,humanitarian,crisis,route,border,breaking,GENOCIDE,CRIMES AGAINST HUMANITY,WAR CRIMES,ICC,uk soldiers,lavrov,turkey,talks,propaganda,diana magnay,moscow",PT3M22S,hd,False,https://i.ytimg.com/vi/JQDOfXV0DZM/default.jpg,https://www.youtube.com/watch?v=JQDOfXV0DZM
6PxAbE8UutI,UCoMdktPbSTixAyNGwb-UYkQ,ukraine war nato says russia did not attack poland,Sky News,Entertainment,none,312007,3082,0,2636,2022-11-16T12:03:21Z,"russia,poland,nato,russia poland,russia nato,russia ukraine war,russia ukraine,russia poland news,ukraine russia news,nato russia,russia vs nato,ukraine russia war,russia poland nato missile,russian missles poland,russia news,russia vs ukraine,russia poland latest,russia war ukraine,poland russia ties,russian,russia ukraine news,russia hits poland,russia attacks poland,russia bomb poland,russia nato war,sky news,sky news live,sky news latest",PT2M54S,hd,False,https://i.ytimg.com/vi/6PxAbE8UutI/default.jpg,https://www.youtube.com/watch?v=6PxAbE8UutI
aa486a60JKs,UCoMdktPbSTixAyNGwb-UYkQ,ukraine war severe consequences if russia uses nuclear weapon  nato,Sky News,News & Politics,none,122209,1117,0,743,2022-10-14T07:46:20Z,"sky news live,sky news latest,live,latest,news,sky,watch,online,breaking,ukraine,war,russia,kyiv,kiev,moscow,putin,Vladimir Putin,brussels,nato,usa,us,america,united states,defence,deborah,haynes,weapons,rockets,missiles,attack,fighting,troops,military,eu,europe,council,baltic,west,east,NATO",PT2M30S,hd,False,https://i.ytimg.com/vi/aa486a60JKs/default.jpg,https://www.youtube.com/watch?v=aa486a60JKs
u4PZvRrEbx0,UCoMdktPbSTixAyNGwb-UYkQ,ukraine war what can nato learn from poland incident,Sky News,Entertainment,none,318343,2932,0,1133,2022-11-16T16:10:16Z,"sky news live,sky news,sky news latest,ukraine war news,russia ukraine war news,war in ukraine,ukraine,ukraine war,ukraine news,russia ukraine war,russia ukraine news,ukraine russia news,ukraine latest news,ukraine russia war,sky news ukraine,ukraine war latest,russian ukraine news,russia ukraine war russian,watch sky news live,news,sky,russia vs ukraine war update,russia war ukraine,ukraine russia,russia ukraine,russia vs ukraine,ed arnold,poland",PT2M55S,hd,False,https://i.ytimg.com/vi/u4PZvRrEbx0/default.jpg,https://www.youtube.com/watch?v=u4PZvRrEbx0
o18AOL1vCxo,UCoMdktPbSTixAyNGwb-UYkQ,ukraine war ukraines rightful place is in nato  stoltenberg,Sky News,News & Politics,none,73481,1513,0,959,2023-04-20T12:11:33Z,"nato,sky news,sky news live,news,sky news latest,nato news,watch sky news live,ukraine russia news,russia ukraine news,ukraine news,uk news,russian ukraine news,ukraine war news,russia ukraine war news,ukraine latest news,sky news ukraine,breaking news,sky news breaking,latest news,finland nato news,russia nato,nato russia,sky news latest headlines,sky news world,ukraine,ukraine war,russia ukraine war,war in ukraine,ukraine russia war",PT2M16S,hd,False,https://i.ytimg.com/vi/o18AOL1vCxo/default.jpg,https://www.youtube.com/watch?v=o18AOL1vCxo
iMhccGRO9WM,UCoMdktPbSTixAyNGwb-UYkQ,ukraine war nato will not underestimate russia despite kherson withdrawal,Sky News,News & Politics,none,52195,579,0,145,2022-11-09T21:53:34Z,"sky news live,sky news latest,sky news,ukraine,russia ukraine war news,ukraine war,war in ukraine,russia ukraine news,war,russia ukraine war,ukraine news,ukraine russia news,ukraine russia war,news,russia ukraine war russian,ukraine war news,russian ukraine news,watch sky news live,ukraine latest news,ukraine russia,russia ukraine,iran,drones,kherson,russia withdrawal,russia withdraws from kherson,dnipro,nato,jens stoltenberg",PT2M32S,hd,False,https://i.ytimg.com/vi/iMhccGRO9WM/default.jpg,https://www.youtube.com/watch?v=iMhccGRO9WM
6qVn59y1a30,UCoMdktPbSTixAyNGwb-UYkQ,ukraine war nato meets to discuss new weapons pledge,Sky News,Entertainment,none,108327,1183,0,545,2022-10-12T20:23:44Z,"sky news live,sky news latest,live,latest,news,sky,watch,online,breaking,ukraine,war,russia,kyiv,kiev,moscow,putin,Vladimir Putin,brussels,nato,usa,us,america,united states,defence,deborah,haynes,weapons,rockets,missiles,attack,fighting,troops,military,eu,europe,council,baltic,west,east",PT2M32S,hd,False,https://i.ytimg.com/vi/6qVn59y1a30/default.jpg,https://www.youtube.com/watch?v=6qVn59y1a30
_qiWerErEl4,UCoMdktPbSTixAyNGwb-UYkQ,ukraine war is nato and the united states running low on ammunition,Sky News,News & Politics,none,142850,1413,0,825,2023-02-14T20:38:53Z,"Ukraine,Russia,Weapons,Dominic Waghorn,Guns,Shells,Missile,Planes,Vladimir Putin,volodymyr zelenskyy,United States,Joe Biden,Jens Stoltenberg",PT2M35S,hd,False,https://i.ytimg.com/vi/_qiWerErEl4/default.jpg,https://www.youtube.com/watch?v=_qiWerErEl4
CKJq2XVUuoM,UCoMdktPbSTixAyNGwb-UYkQ,ukraine war nato chief warns russia over dirty bomb claims,Sky News,Entertainment,none,166987,2304,0,663,2022-10-25T22:21:01Z,"ukraine,russia,ukraine war,russian war,skynews,sky news,skynews.com,what is a dirty bomb,dirty bomb,are russia winning the war,putin,zelenskyy,death toll ukraine,nuclear war,are russia going to use nuclear weapons,do russia have nuclear weapons,will putin use nuclear weapons,will there be a nuclear war,when will the ukraine war end,sergei lavrov,Dirty bomb,NATO,Russia,Ukraine,Jens Stoltenberg,Adriatic",PT2M27S,hd,False,https://i.ytimg.com/vi/CKJq2XVUuoM/default.jpg,https://www.youtube.com/watch?v=CKJq2XVUuoM
yXqes_sOrRk,UCoMdktPbSTixAyNGwb-UYkQ,ukraine war putin warns finland against joining the nato alliance,Sky News,Entertainment,none,295057,3265,0,1236,2022-05-14T21:08:34Z,"UKRAINE WAR,RUSSIA,VLADIMIR PUTIN,MOSCOW,UNITED NATIONS,SERGEI LAVROV,MARIUPOL,VOLODYMYR ZELENSKYY,KYIV,KHARKIV,DNIPRO,DONETSK,LUHANSK,DONBAS REGION,HUMANITARIAN CRISIS,BOMBING,BLASTS,DEATH,ARMY,SOLDIERS,TANKS,NATO,TROOPS,united nations,sky news live,breaking,mariupol,siege,donbas,israel,finland,Ukraine,War,Nato,Siobhan Robbins,Europe",PT1M52S,hd,False,https://i.ytimg.com/vi/yXqes_sOrRk/default.jpg,https://www.youtube.com/watch?v=yXqes_sOrRk
jNBPdFqb6fY,UCoMdktPbSTixAyNGwb-UYkQ,ukraine war how finland is preparing for russian invasion,Sky News,News & Politics,none,936254,13168,0,2634,2022-05-10T23:15:01Z,"Sky News,Sky,Military,Army,Russia,War crimes,Genocide,Hero,MAGA,World,News,Mariupol,Donbas,Oblast,Moldova,Alex Rossi,Mark Austin,Helsinki,Finland",PT3M13S,hd,False,https://i.ytimg.com/vi/jNBPdFqb6fY/default.jpg,https://www.youtube.com/watch?v=jNBPdFqb6fY
79vFeXS_I-w,UCoMdktPbSTixAyNGwb-UYkQ,ukraine war us ambassador to nato warns of spring offensive,Sky News,Entertainment,none,105252,1040,0,592,2023-02-01T20:22:25Z,"russia ukraine war news,ukraine russia war,ukraine russia news,sky news live,sky news,russia ukraine war,russia ukraine war russian,ukraine war news,russia ukraine news,ukraine war,russia vs ukraine war update,F-16 Fighter jet,russia war ukraine,russia ukraine,russian ukraine news,Edward Stringer,ukraine war latest,Julianne Smith,us ambassador to nato",PT16M15S,hd,False,https://i.ytimg.com/vi/79vFeXS_I-w/default.jpg,https://www.youtube.com/watch?v=79vFeXS_I-w
4b-WaK4FIWk,UCoMdktPbSTixAyNGwb-UYkQ,ukraine war what will it mean if finland and sweden join nato,Sky News,Entertainment,none,1628195,16858,0,3104,2022-05-11T11:37:12Z,"Analysis,Professor Michael Clarke,Sky,Sky News,Sky news latest,Ukraine,Russia,boris johnson,human rights,Volodymyr Zelenskyy,Breaking news,Bombing,war crime,Vladimir Putin,Deal,Negotiation,SKY NEWS LIVE,MARIUPOL,MOSCOW,BOMBING,BLAST,EXPLOSION,CIVILIANS,CHILDREN,AIRSTRIKE,REFUGEES,KREMLIN,KYIV,UK NEWS,US,AID,HELP,NATO,THEATRE,ODESA,steel plant,Azovstal,Screen,Wall,Russian,Forces,Soldiers,Troops,FINLAND,SWEDEN,MEMBERSHIP",PT3M54S,hd,False,https://i.ytimg.com/vi/4b-WaK4FIWk/default.jpg,https://www.youtube.com/watch?v=4b-WaK4FIWk
atlWhRVeHr4,UCoMdktPbSTixAyNGwb-UYkQ,ukraine war how poland is increasing defence capability on ukraines doorstep,Sky News,News & Politics,none,682073,7406,0,1550,2023-02-16T18:52:36Z,"Sky News,Sky,Sean Bell,Air Vice-Marshal,Royal Air Force,RAF,Screen,Wall,Latest news,Graphics,Map,Volodymyr Zelenskyy",PT3M47S,hd,False,https://i.ytimg.com/vi/atlWhRVeHr4/default.jpg,https://www.youtube.com/watch?v=atlWhRVeHr4
p8a3IpFBuyw,UCoMdktPbSTixAyNGwb-UYkQ,ukraine war how did missile incident on nato member poland play out,Sky News,Entertainment,none,221583,1908,0,946,2022-11-16T22:43:03Z,"sky news live,sky news,sky news latest,ukraine war news,russia ukraine war news,war in ukraine,ukraine,ukraine war,ukraine news,russia ukraine war,russia ukraine news,ukraine russia news,ukraine latest news,ukraine russia war,sky news ukraine,ukraine war latest,russian ukraine news,russia ukraine war russian,watch sky news live,news,sky,russia vs ukraine war update,russia war ukraine,ukraine russia,russia ukraine,russia vs ukraine,ed arnold,poland",PT2M27S,hd,False,https://i.ytimg.com/vi/p8a3IpFBuyw/default.jpg,https://www.youtube.com/watch?v=p8a3IpFBuyw
Yg_K1wsskOU,UCoMdktPbSTixAyNGwb-UYkQ,ukraine war nato doesnt want escalation says latvian president,Sky News,News & Politics,none,72851,655,0,508,2022-11-16T18:47:43Z,"sky news live,sky news,sky news latest,ukraine war news,russia ukraine war news,ukraine,russia ukraine war,russia ukraine news,ukraine russia news,sky news ukraine,ukraine russia war,ukraine war,war in ukraine,russia war ukraine,ukraine news,ukraine latest news,war,ukraine war latest,russian ukraine news,sky,russia ukraine war russian,russia vs ukraine war update,news,watch sky news live,russia ukraine,ukraine russia,russia vs ukraine",PT5M39S,hd,False,https://i.ytimg.com/vi/Yg_K1wsskOU/default.jpg,https://www.youtube.com/watch?v=Yg_K1wsskOU
dDYksd26Mso,UCoMdktPbSTixAyNGwb-UYkQ,ukraine war russia not withdrawing troops but repositioning  nato chief,Sky News,Entertainment,none,88221,841,0,380,2022-03-31T13:17:04Z,"Latest,Donbas,Russia,Ukraine,Withdrawal,region,wall,SKY,NEWS,UK NEWS,LATEST NEWS,SKY NEWS LIVE,UKRAINE,RUSSIA,KYIV,MOSCOW,VLADIMIR PUTIN,WAR,CEASEFIRE,MILITARY OPERATION,MARIUPOL,CHERNIHIV,KREMLIN,KHARKIV,PEACE TALKS,MYKOLAIV,Irpin,peace talks,sky news,uk,war,security,troops,artillery,bombardment,hospital,children,day 35,ukraine war,russia,russian invasion,TROOPS,sky news latest,breaking,sky news live,PUTIN,labour,nato,jens stoltenberg",PT9M49S,hd,False,https://i.ytimg.com/vi/dDYksd26Mso/default.jpg,https://www.youtube.com/watch?v=dDYksd26Mso
YQv1nyPeB_w,UCoMdktPbSTixAyNGwb-UYkQ,nato chief delivers update on ukraine war and spy balloons,Sky News,News & Politics,none,43323,537,0,230,2023-02-13T12:51:40Z,"SKY NEWS,SKY,NEWS,LIVE,Jens Stoltenberg,NATO,SECURITY,DEFENCE,DEFENCE MINISTERS,BRUSSELS,BEN WALLACE,TURKEY,SYRIA,CHINA,UKRAINE,WAR,RUSSIA,PUTIN,XI JINPING,WAR IN UKRAINE,TROOPS,MILITARY,AID,WEAPONS,US,BIDEN,ZELENSKYY,SPY BALLOON",PT45M42S,hd,False,https://i.ytimg.com/vi/YQv1nyPeB_w/default.jpg,https://www.youtube.com/watch?v=YQv1nyPeB_w
a2gmEIrkVgc,UCoMdktPbSTixAyNGwb-UYkQ,ukraine war russia strikes base  miles from nato territory,Sky News,News & Politics,none,687836,4673,0,2684,2022-03-13T12:40:21Z,"ukraine,nato,sky news,sky news breaking,general sir richard barrons,lviv,yavoriv,invasion,war,attack,fighting,missile,rockets,europe,defence,security,putin,zelenskyy,kyiv",PT4M22S,hd,False,https://i.ytimg.com/vi/a2gmEIrkVgc/default.jpg,https://www.youtube.com/watch?v=a2gmEIrkVgc
CTLvoFPPKsU,UCoMdktPbSTixAyNGwb-UYkQ,ukraine war conflict is now a battle of logistics says nato boss,Sky News,News & Politics,none,49323,706,0,481,2023-02-23T10:11:06Z,"ukraine,weapons,ukraine weapons,ukraine war,russia ukraine war,war in ukraine,russia ukraine,weapon shipments to ukraine,ukraine russia news,us weapons for ukraine,ukraine chemical weapons,ukraine news,ukraine russia,russia ukraine conflict,ukraine russia war,russia ukraine news,ukraine ammunition,ukraine crisis,nato supplying weapons to ukrarine,#skynews,#sky,news",PT6M2S,hd,False,https://i.ytimg.com/vi/CTLvoFPPKsU/default.jpg,https://www.youtube.com/watch?v=CTLvoFPPKsU
ce8EV6nsH6k,UCoMdktPbSTixAyNGwb-UYkQ,ukraine war what can the alleged leaked documents tell us,Sky News,News & Politics,none,1185524,9832,0,2822,2023-04-07T13:10:19Z,"ukraine war news,sky news live,ukraine war,war in ukraine,russia ukraine war,sky news,ukraine russia war,ukraine news,russia ukraine war news,russia war ukraine,ukraine,ukraine russia news,sky news ukraine,sky news latest,russia ukraine news,ukraine war latest news,ukraine war latest,russian ukraine news,russia ukraine war russian,russia vs ukraine war update,watch sky news live,russia ukraine,ukraine latest news,ukraine russia,war,news",PT3M52S,hd,False,https://i.ytimg.com/vi/ce8EV6nsH6k/default.jpg,https://www.youtube.com/watch?v=ce8EV6nsH6k
QZ-fvlBpcb8,UCoMdktPbSTixAyNGwb-UYkQ,ukraine war sweden flexes its military muscle,Sky News,News & Politics,none,1077984,12259,0,2120,2022-05-17T22:38:15Z,"Sky News,Sky,Russia,Ukraine,War,Vladimir Putin,Zelenskyy,Azovstal,Steel,Prisoners,Soldiers,Sweden,Finland,NATO,Gotland,Baltic Sea,siobhan robbins,europe,finnish,swedish,gotland,nato,application,border,russia,putin,protection,uk,boris johnson,eu,turkey,veto,soldiers,military",PT2M44S,hd,False,https://i.ytimg.com/vi/QZ-fvlBpcb8/default.jpg,https://www.youtube.com/watch?v=QZ-fvlBpcb8
QaGAR-0TIkw,UCoMdktPbSTixAyNGwb-UYkQ,ukraine war the impact of finland and sweden joining nato,Sky News,Entertainment,none,642894,7167,0,1839,2022-05-12T11:57:39Z,"Analysis,Sky,Sky News,Sky news latest,Ukraine,Russia,boris johnson,human rights,Volodymyr Zelenskyy,Breaking news,Bombing,war crime,Vladimir Putin,Deal,Negotiation,SKY NEWS LIVE,MARIUPOL,MOSCOW,BOMBING,BLAST,EXPLOSION,CIVILIANS,CHILDREN,AIRSTRIKE,REFUGEES,KREMLIN,KYIV,UK NEWS,US,AID,HELP,NATO,THEATRE,ODESA,steel plant,Azovstal,Screen,Wall,Russian,Forces,Soldiers,Troops,FINLAND,SWEDEN,MEMBERSHIP,louise jones,baltic states",PT3M28S,hd,False,https://i.ytimg.com/vi/QaGAR-0TIkw/default.jpg,https://www.youtube.com/watch?v=QaGAR-0TIkw
Thh3mV_wrkY,UCoMdktPbSTixAyNGwb-UYkQ,ukraine war why has russias spring offensive started early,Sky News,Entertainment,none,981678,8413,0,1918,2023-02-13T17:18:36Z,"russia ukraine war,ukraine russia war,ukraine war,russia vs ukraine war update,war in ukraine,russia,russia ukraine war news,ukraine,russia ukraine,ukraine russia,russia ukraine war russian,russia ukraine war live,russia ukraine war update,russia ukraine war map,ukraine war news,russia ukraine war update today,russia ukraine conflict,breaking,sky news live,sean inglis,eastern offensive,spring offensive,bakhmut",PT3M49S,hd,False,https://i.ytimg.com/vi/Thh3mV_wrkY/default.jpg,https://www.youtube.com/watch?v=Thh3mV_wrkY
5Gu5K_CMaR0,UCoMdktPbSTixAyNGwb-UYkQ,ukraine war what are the changes in russias military command,Sky News,News & Politics,none,479359,4222,0,988,2023-01-12T18:02:02Z,"Sky News,Sky,Ukraine,Aid,War,Russia,Vladimir Putin,United States,USA,Weapons,Provocations,Escalation,sky news live,pet,Poroshenko,nato,former president,Humanitarian,Missing,Kidnap,Troops,Helpers,Heros,Evacuation,Drivers,Driving,Donetsk,Latest news,Military,command,order,Philip Ingram",PT3M32S,hd,False,https://i.ytimg.com/vi/5Gu5K_CMaR0/default.jpg,https://www.youtube.com/watch?v=5Gu5K_CMaR0
BlphofYaxE8,UCoMdktPbSTixAyNGwb-UYkQ,ukraine war russian forces to withdraw from kherson,Sky News,Entertainment,none,160996,1612,0,441,2022-11-09T21:26:50Z,"Kherson,Ukraine,Russia,United States,Sky News,Sky,War,Special military operation,Vladimir Putin,Volodymyr Zelenskyy,Peace,Calm,Donbas",PT2M21S,hd,False,https://i.ytimg.com/vi/BlphofYaxE8/default.jpg,https://www.youtube.com/watch?v=BlphofYaxE8
EkyAW9hWL2I,UCoMdktPbSTixAyNGwb-UYkQ,ukraine war is the west running out of ammunition,Sky News,News & Politics,none,753997,7850,0,3008,2023-02-14T18:41:06Z,"Sky News,Sky,Ukraine,Russia,United States,The West,Shells,Artillery,Weapons,Production,HIMARS,Bombs,Bullets,Rockets,Missiles",PT4M18S,hd,False,https://i.ytimg.com/vi/EkyAW9hWL2I/default.jpg,https://www.youtube.com/watch?v=EkyAW9hWL2I
BcLqBqcaR_M,UCoMdktPbSTixAyNGwb-UYkQ,ukraine war is there a stalemate or is this the lull before the storm,Sky News,News & Politics,none,406295,4737,0,1809,2023-04-29T17:29:55Z,"ukraine,war in ukraine,russia ukraine war,ukraine war,kherson,kherson ukraine,ukraine russia,war,ukraine war news,russia ukraine,kherson evacuation,ukraine war update,ukraine war video footage,kherson ukraine war,ukraine war kherson,ukraine counteroffensive,ukraine news,ukraine sinks russian barge in kherson,russia-ukraine war,kherson ukraine liberation,civilian evacuation kherson,evacuation kherson",PT2M21S,hd,False,https://i.ytimg.com/vi/BcLqBqcaR_M/default.jpg,https://www.youtube.com/watch?v=BcLqBqcaR_M
B71pK82T5rA,UCoMdktPbSTixAyNGwb-UYkQ,ukraine war irelands military neutrality has come into question,Sky News,Entertainment,none,1199467,10279,0,3996,2022-03-17T21:24:36Z,"Sky,Sky News,Sky news latest,Ukraine,Russia,boris johnson,human rights,Volodymyr Zelenskyy,Breaking news,Bombing,war crime,Vladimir Putin,Deal,Negotiation,SKY NEWS LIVE,MARIUPOL,MOSCOW,BOMBING,BLAST,EXPLOSION,CIVILIANS,CHILDREN,AIRSTRIKE,REFUGEES,KREMLIN,KYIV,UK NEWS,US,AID,HELP,NATO,THEATRE,ODESA,PRESIDENT,Dublin,Stephen Murphy,St Paddy's Day,neutrality,military,Ireland,EU",PT2M59S,hd,False,https://i.ytimg.com/vi/B71pK82T5rA/default.jpg,https://www.youtube.com/watch?v=B71pK82T5rA
65CuGWv8_BY,UCoMdktPbSTixAyNGwb-UYkQ,ukraine war un warns of disaster,Sky News,News & Politics,none,1109404,8482,0,2777,2022-11-21T16:11:26Z,"sky news live,sky news latest,sky news,ukraine war news,russia ukraine war news,sky news ukraine,russia ukraine war,russia ukraine news,ukraine russia news,ukraine russia war,russia war ukraine,ukraine war,ukraine news,war in ukraine,ukraine war latest,ukraine latest news,russian ukraine news,ukraine,watch sky news live,russia ukraine war russian,russia vs ukraine war update,sky,war,news,russia ukraine,russia vs ukraine,ukraine russia",PT4M11S,hd,False,https://i.ytimg.com/vi/65CuGWv8_BY/default.jpg,https://www.youtube.com/watch?v=65CuGWv8_BY
N8y63_92xt8,UCoMdktPbSTixAyNGwb-UYkQ,ukraine war why wont the us send fighter jets,Sky News,Entertainment,none,418725,3766,0,1729,2023-01-31T16:33:01Z,"russia ukraine war news,ukraine russia war,ukraine russia news,sky news live,sky news,russia ukraine war,russia ukraine war russian,ukraine war news,russia ukraine news,ukraine war,russia vs ukraine war update,F-16 Fighter jet,russia war ukraine,russia ukraine,russian ukraine news,Edward Stringer,ukraine war latest",PT3M5S,hd,False,https://i.ytimg.com/vi/N8y63_92xt8/default.jpg,https://www.youtube.com/watch?v=N8y63_92xt8
4rymCgMBYyQ,UCoMdktPbSTixAyNGwb-UYkQ,ukraine war russia to begin military exercises with china in south africa,Sky News,News & Politics,none,499138,5151,0,1768,2023-02-23T16:28:16Z,"sky news,sky news live,ukraine war,ukraine war news,russia ukraine war news,ukraine,sky news latest,war in ukraine,russia ukraine war,russia ukraine news,ukraine russia news,ukraine russia war,sky news ukraine,russian ukraine news,ukraine news,watch sky news live,ukraine latest news,news,russia war ukraine,sky,russia vs ukraine war update,sky news latest headlines,war,russia ukraine war russian,russia ukraine,ukraine war latest",PT3M50S,hd,False,https://i.ytimg.com/vi/4rymCgMBYyQ/default.jpg,https://www.youtube.com/watch?v=4rymCgMBYyQ
ZcyZRtLaWOw,UCoMdktPbSTixAyNGwb-UYkQ,ukraine war finland poised to join nato,Sky News,Entertainment,none,2430563,22157,0,3962,2022-05-04T19:03:23Z,"Sky,Sky News,Sky news latest,Ukraine,Russia,boris johnson,human rights,Volodymyr Zelenskyy,Breaking news,Bombing,war crime,Vladimir Putin,Deal,Negotiation,SKY NEWS LIVE,MARIUPOL,MOSCOW,BOMBING,BLAST,EXPLOSION,CIVILIANS,CHILDREN,AIRSTRIKE,REFUGEES,KREMLIN,KYIV,UK NEWS,US,AID,HELP,NATO,THEATRE,ODESA,PRESIDENT,FINLAND,FORMER,PRIME MINISTER,ALEXSANDER STUBB",PT2M58S,hd,False,https://i.ytimg.com/vi/ZcyZRtLaWOw/default.jpg,https://www.youtube.com/watch?v=ZcyZRtLaWOw
NmsoQ3cUUjE,UCoMdktPbSTixAyNGwb-UYkQ,lithuania readies for a russian assault if ukraine falls,Sky News,News & Politics,none,801768,8968,0,2369,2022-10-30T21:42:25Z,"Sky News,Sky,Lithuania,Russia,Ukraine,War,Vladimir Putin,Belarus,Baltic,Nations,NATO,MAGA,United States,Freedom,Europe",PT3M15S,hd,False,https://i.ytimg.com/vi/NmsoQ3cUUjE/default.jpg,https://www.youtube.com/watch?v=NmsoQ3cUUjE
4-wzikE2oOU,UCoMdktPbSTixAyNGwb-UYkQ,ukraine war finnish president confirms nato bid,Sky News,News & Politics,none,759425,10455,0,3736,2022-05-15T11:35:37Z,"Analysis,Sky,Sky News,Sky news latest,Ukraine,Russia,boris johnson,human rights,Volodymyr Zelenskyy,Breaking news,Bombing,war crime,Vladimir Putin,Deal,Negotiation,SKY NEWS LIVE,MARIUPOL,MOSCOW,BOMBING,BLAST,EXPLOSION,CIVILIANS,CHILDREN,AIRSTRIKE,REFUGEES,KREMLIN,KYIV,UK NEWS,US,AID,HELP,NATO,THEATRE,ODESA,steel plant,Azovstal,Screen,Wall,Russian,Forces,Soldiers,Troops,FINLAND,SWEDEN,MEMBERSHIP,louise jones,baltic states",PT6M12S,hd,False,https://i.ytimg.com/vi/4-wzikE2oOU/default.jpg,https://www.youtube.com/watch?v=4-wzikE2oOU
o_-t9XidMx4,UCoMdktPbSTixAyNGwb-UYkQ,ukraine war russia gave iran cash and captured uk  us weapons for drones,Sky News,Entertainment,none,679420,2180,0,1189,2022-11-08T18:38:01Z,"sky news live,sky news latest,sky news,ukraine,russia ukraine war news,ukraine war,war in ukraine,russia ukraine news,war,russia ukraine war,ukraine news,ukraine russia news,ukraine russia war,news,russia ukraine war russian,ukraine war news,russia vs ukraine war update,ukraine war latest,russian ukraine news,watch sky news live,ukraine latest news,ukraine russia,russia ukraine,iran,drones,NLAW,Shahed-136 drones",PT2M55S,hd,False,https://i.ytimg.com/vi/o_-t9XidMx4/default.jpg,https://www.youtube.com/watch?v=o_-t9XidMx4
OeGJ5dnlHwI,UCoMdktPbSTixAyNGwb-UYkQ,ukraine war how significant are russian nukes in belarus,Sky News,News & Politics,none,711560,5598,0,2170,2023-03-26T11:13:40Z,,PT4M19S,hd,False,https://i.ytimg.com/vi/OeGJ5dnlHwI/default.jpg,https://www.youtube.com/watch?v=OeGJ5dnlHwI
zOV-CgmKpyU,UCoMdktPbSTixAyNGwb-UYkQ,ukraine war russian airbase hit by ukrainian drone,Sky News,Entertainment,none,1213162,11192,0,1981,2022-12-26T18:50:23Z,"sky news live,sky news latest,live,latest,news,sky,russia,ukraine,war,kyiv,kiev,drone,strike,airbase,missile,attack",PT2M53S,hd,False,https://i.ytimg.com/vi/zOV-CgmKpyU/default.jpg,https://www.youtube.com/watch?v=zOV-CgmKpyU
KQH6Gw3Rz2E,UCoMdktPbSTixAyNGwb-UYkQ,ukraine war will putins ally belarus join the conflict,Sky News,News & Politics,none,805165,7616,0,1857,2022-10-31T17:48:57Z,"sky news live,sky news latest,live,latest,news,sky,screen,russia,moscow,putin,war,ukraine,kyiv,kiev,Retired Air Vice-Marshall,Sean Bell,Belarus,Aleksandr Lukashenko,Lukashenko,tanks,millitary,army,fighting,rocket,missile,troops,soldiers,europe,eu,nato,turkey,grains,conflict",PT4M10S,hd,False,https://i.ytimg.com/vi/KQH6Gw3Rz2E/default.jpg,https://www.youtube.com/watch?v=KQH6Gw3Rz2E
OVslxSysCIA,UCoMdktPbSTixAyNGwb-UYkQ,ukraine war soldiers prepare for another russian invasion from belarus,Sky News,Entertainment,none,1078610,7543,0,1220,2023-01-04T20:14:10Z,"sky news live,sky news latest,live,latest,news,sky,belarus,ukraine,war,russia,putin,missile,border,winter,soldier",PT3M8S,hd,False,https://i.ytimg.com/vi/OVslxSysCIA/default.jpg,https://www.youtube.com/watch?v=OVslxSysCIA
UH2tiIx22u4,UCoMdktPbSTixAyNGwb-UYkQ,ukraine war  of troops killed or injured in elite military unit says commander,Sky News,Entertainment,none,4590488,45579,0,7081,2022-06-25T18:50:12Z,"Sky News,Sky,John Sparks,Ukraine,Donbas,Severodonetsk,Soldiers,Units,Marines,Russia,Combatants,Win,Lose,Vladimir Putin,volodymyr zelensky,Lartest News,Bulletin,Headlines",PT4M30S,hd,False,https://i.ytimg.com/vi/UH2tiIx22u4/default.jpg,https://www.youtube.com/watch?v=UH2tiIx22u4
A7OOovsPOdk,UCoMdktPbSTixAyNGwb-UYkQ,ukraine war russias black sea fleet flagship moskva sinks,Sky News,Entertainment,none,2483099,24052,0,6815,2022-04-14T20:28:15Z,"ukraine,russia,zelenskyy,sumy oblast,trostyanets,jens stoltenberg,nato,europe,Donbas,Russia,Ukraine,Withdrawal,SKY,NEWS,LATEST NEWS,SKY NEWS LIVE,KYIV,MOSCOW,VLADIMIR PUTIN,WAR,CEASEFIRE,MILITARY OPERATION,MARIUPOL,CHERNIHIV,KREMLIN,KHARKIV,PEACE TALKS,MYKOLAIV,Irpin,sky news,uk,war,troops,artillery,bombardment,hospital,children,ukraine war,russian invasion,TROOPS,sky news latest,breaking,sky news live,bucha,war crimes,odesa,flagship,navy,Moskva",PT1M46S,hd,False,https://i.ytimg.com/vi/A7OOovsPOdk/default.jpg,https://www.youtube.com/watch?v=A7OOovsPOdk
yQvzNJpoZEw,UCoMdktPbSTixAyNGwb-UYkQ,uk may supply tanks to ukraine to fight russia,Sky News,News & Politics,none,424897,5423,0,3053,2023-01-09T15:52:17Z,"Sky News,Sky,Ukraine,Alex Rossi,Tanks,Challenger 2,Aid,War,Russia,Vladimir Putin,United States,USA,Weapons,Provocations,Escalation",PT3M26S,hd,False,https://i.ytimg.com/vi/yQvzNJpoZEw/default.jpg,https://www.youtube.com/watch?v=yQvzNJpoZEw
PoJatn0P8II,UCoMdktPbSTixAyNGwb-UYkQ,ukraine war whats on the agenda at the nato summit in madrid,Sky News,News & Politics,none,123776,1459,0,585,2022-06-23T13:57:00Z,"SKY NEWS,SKY,NEWS,UK NEWS,LATEST NEWS,SKY NEWS LIVE,UKRAINE,WAR,RUSSIA,NATO,MADRID,SUMMIT,DEBORAH HAYNES,VLADIMIR PUTIN,Volodymyr Zelenskyy,KYIV,LITHUANIA,ALLIANCE,MEMBERSHIP,EU,LEADERS",PT2M44S,hd,False,https://i.ytimg.com/vi/PoJatn0P8II/default.jpg,https://www.youtube.com/watch?v=PoJatn0P8II
-KBiWuV4SuI,UCknLrEdhRCp1aegoMqRaCZg,natos stoltenberg visits ukraine for the first time since russias invasion  dw news,DW News,News & Politics,none,108752,1551,0,1010,2023-04-20T10:30:01Z,"DW News,kyvi,stoltenberg,urkaine,war in ukraine,nato,ukraine war,nato ukraine,ukraine nato",PT2M8S,hd,False,https://i.ytimg.com/vi/-KBiWuV4SuI/default.jpg,https://www.youtube.com/watch?v=-KBiWuV4SuI
_bnMecNv4KA,UCknLrEdhRCp1aegoMqRaCZg,putin says nato is taking part in the ukraine conflict what does he mean  dw news,DW News,News & Politics,none,213014,2584,0,1758,2023-02-26T14:05:00Z,DW News,PT6M33S,hd,False,https://i.ytimg.com/vi/_bnMecNv4KA/default.jpg,https://www.youtube.com/watch?v=_bnMecNv4KA
7jv89B5zPCE,UCknLrEdhRCp1aegoMqRaCZg,nato talks focus on russiaukraine war expansion to sweden finland  dw news,DW News,News & Politics,none,501280,4572,0,3804,2022-05-15T10:40:36Z,DW News,PT8M27S,hd,False,https://i.ytimg.com/vi/7jv89B5zPCE/default.jpg,https://www.youtube.com/watch?v=7jv89B5zPCE
e8Alvmyn910,UCknLrEdhRCp1aegoMqRaCZg,as the war in ukraine escalates will nato soon be party to the conflict  to the point,DW News,News & Politics,none,654252,9053,0,4206,2022-10-20T17:15:00Z,"DW News,Ukraine,Ukraine war,Russia,Kyiv,Moscow,NATO,Drones,Iran,Teheran",PT26M7S,hd,False,https://i.ytimg.com/vi/e8Alvmyn910/default.jpg,https://www.youtube.com/watch?v=e8Alvmyn910
gKVIHOaM2nw,UCknLrEdhRCp1aegoMqRaCZg,what germanys shillyshallying means for ukraine russia  nato  dw news,DW News,News & Politics,none,340293,4060,0,4020,2023-01-21T14:44:26Z,DW News,PT9M42S,hd,False,https://i.ytimg.com/vi/gKVIHOaM2nw/default.jpg,https://www.youtube.com/watch?v=gKVIHOaM2nw
E5eJLQ04HEU,UCknLrEdhRCp1aegoMqRaCZg,ukraines future is in the euroatlantic family  dw news,DW News,News & Politics,none,125322,2080,0,1509,2023-04-21T12:30:10Z,DW News,PT14M46S,hd,False,https://i.ytimg.com/vi/E5eJLQ04HEU/default.jpg,https://www.youtube.com/watch?v=E5eJLQ04HEU
3M8Zwj87U3k,UCknLrEdhRCp1aegoMqRaCZg,finland sweden look to join nato as russias war rages in ukraine  dw news,DW News,News & Politics,none,791604,8685,0,3994,2022-04-25T10:45:00Z,DW News,PT6M45S,hd,False,https://i.ytimg.com/vi/3M8Zwj87U3k/default.jpg,https://www.youtube.com/watch?v=3M8Zwj87U3k
UI2tFSkYl18,UCknLrEdhRCp1aegoMqRaCZg,how nato plans to support ukraines winter preparations  dw news,DW News,News & Politics,none,75280,1215,0,789,2022-11-30T09:33:08Z,"DW News,ukraine winter,urkaine news,ukraine latest,ukraine russia,nato,nato ukraine",PT6M14S,hd,False,https://i.ytimg.com/vi/UI2tFSkYl18/default.jpg,https://www.youtube.com/watch?v=UI2tFSkYl18
FYDtYVH4EPA,UCknLrEdhRCp1aegoMqRaCZg,nato ministers meet to talk weapons for ukraine  dw news,DW News,News & Politics,none,150681,2456,0,1209,2023-02-14T13:18:38Z,"nato,russia,ukraine,ukraine fighter jets,leopard tanks",PT9M32S,hd,False,https://i.ytimg.com/vi/FYDtYVH4EPA/default.jpg,https://www.youtube.com/watch?v=FYDtYVH4EPA
OPpZ9Lej8kc,UCknLrEdhRCp1aegoMqRaCZg,nato pledges more ukraine support over winter  dw news,DW News,News & Politics,none,149630,1678,0,1376,2022-11-29T22:03:05Z,DW News,PT9M54S,hd,False,https://i.ytimg.com/vi/OPpZ9Lej8kc/default.jpg,https://www.youtube.com/watch?v=OPpZ9Lej8kc
_h-0qGMm0pc,UCknLrEdhRCp1aegoMqRaCZg,nato debates increased air defense support as russia hits ukraine with more rocket strikes  dw news,DW News,News & Politics,none,326806,3299,0,2499,2022-11-25T09:58:36Z,"DW News,war in ukraine,ukraine war,ukraine news,nato,ukraine air defense,nato ukraine,nato patriot,missile strikes,ukraine blackout",PT11M10S,hd,False,https://i.ytimg.com/vi/_h-0qGMm0pc/default.jpg,https://www.youtube.com/watch?v=_h-0qGMm0pc
oIb4k-cWwMU,UCknLrEdhRCp1aegoMqRaCZg,nato talks on russiaukraine war key takeaways  dw news,DW News,News & Politics,none,217044,2677,0,924,2022-05-15T15:51:39Z,DW News,PT6M13S,hd,False,https://i.ytimg.com/vi/oIb4k-cWwMU/default.jpg,https://www.youtube.com/watch?v=oIb4k-cWwMU
Z_0-Tq83Co4,UCknLrEdhRCp1aegoMqRaCZg,poland to send mig fighter jets to ukraine  will other nato members follow suit  dw news,DW News,News & Politics,none,596525,6338,0,3339,2023-03-16T21:55:32Z,DW News,PT12M32S,hd,False,https://i.ytimg.com/vi/Z_0-Tq83Co4/default.jpg,https://www.youtube.com/watch?v=Z_0-Tq83Co4
g3Uyvm9X1Qw,UCknLrEdhRCp1aegoMqRaCZg,russias war in ukraine has strengthened nato says german chancellor scholz  dw news,DW News,News & Politics,none,290755,3790,0,1797,2022-05-04T13:43:13Z,"olaf scholz,russia war,ukraine news,vladimir putin,putin's war,NATO ukraine,NATO,EU ukraine,EU",PT6M46S,hd,False,https://i.ytimg.com/vi/g3Uyvm9X1Qw/default.jpg,https://www.youtube.com/watch?v=g3Uyvm9X1Qw
GUzvd5-s1Vc,UCknLrEdhRCp1aegoMqRaCZg,ukraines counteroffensive what is the chance of success or the price of failure dw news,DW News,News & Politics,none,1435927,14848,0,3381,2023-04-05T17:00:06Z,"DW News,russia,ukraine,ukraine war counteroffensive,western arms,military support ukraine,spring offensive ukraine,Poland Zelenskyy visit,Zelenskyy visit Duda,tanks ukraine,MiG fighter jets ukraine,military assistance ukraine",PT15M20S,hd,False,https://i.ytimg.com/vi/GUzvd5-s1Vc/default.jpg,https://www.youtube.com/watch?v=GUzvd5-s1Vc
eH26IPwRjPI,UCknLrEdhRCp1aegoMqRaCZg,ukraine has finally received western tanks  dw news,DW News,News & Politics,none,1433796,11654,0,4602,2023-03-29T09:06:41Z,DW News,PT10M51S,hd,False,https://i.ytimg.com/vi/eH26IPwRjPI/default.jpg,https://www.youtube.com/watch?v=eH26IPwRjPI
zvP0PaG8bzg,UCknLrEdhRCp1aegoMqRaCZg,ukraine war set to dominate nato summit  dw news,DW News,News & Politics,none,150993,2340,0,1005,2022-06-29T09:40:56Z,"vladimir putin,russia invasion,russia ukraine,ukraine invasion,russian invasion,nato,nato summit,stoltenberg,cold war,new cold war",PT21M25S,hd,False,https://i.ytimg.com/vi/zvP0PaG8bzg/default.jpg,https://www.youtube.com/watch?v=zvP0PaG8bzg
LfSPRN_WB3U,UCknLrEdhRCp1aegoMqRaCZg,russia says drone attack on crimea oil terminal came from ukraine  dw news,DW News,News & Politics,none,536699,6560,0,2015,2023-04-29T14:28:26Z,DW News,PT6M1S,hd,False,https://i.ytimg.com/vi/LfSPRN_WB3U/default.jpg,https://www.youtube.com/watch?v=LfSPRN_WB3U
Xs3Kk4oF5H8,UCknLrEdhRCp1aegoMqRaCZg,historian anne applebaum on how russias war in ukraine will end  dw interview,DW News,News & Politics,none,847700,13207,0,4064,2023-02-19T14:30:17Z,DW News,PT3M46S,hd,False,https://i.ytimg.com/vi/Xs3Kk4oF5H8/default.jpg,https://www.youtube.com/watch?v=Xs3Kk4oF5H8
HBhm5-y9h38,UCknLrEdhRCp1aegoMqRaCZg,hodges ukraine will liberate crimea by the end of august if  dw news,DW News,News & Politics,none,1082906,15486,0,5135,2023-04-10T09:01:26Z,DW News,PT7M26S,hd,False,https://i.ytimg.com/vi/HBhm5-y9h38/default.jpg,https://www.youtube.com/watch?v=HBhm5-y9h38
sOUKc7KgJiU,UCknLrEdhRCp1aegoMqRaCZg,ukraine forces push russians out of kharkiv as nato g hold talks on war  ukraine update,DW News,News & Politics,none,1669168,10897,0,4791,2022-05-14T10:05:17Z,DW News,PT13M39S,hd,False,https://i.ytimg.com/vi/sOUKc7KgJiU/default.jpg,https://www.youtube.com/watch?v=sOUKc7KgJiU
OnwAJ2aR9_Y,UCknLrEdhRCp1aegoMqRaCZg,us defense officials rally western partners to protect ukraine  dw news,DW News,News & Politics,none,92630,1210,0,758,2023-04-21T22:36:09Z,DW News,PT10M58S,hd,False,https://i.ytimg.com/vi/OnwAJ2aR9_Y/default.jpg,https://www.youtube.com/watch?v=OnwAJ2aR9_Y
35B6BJaxEho,UCknLrEdhRCp1aegoMqRaCZg,war in ukraine who are russianspeakers in germany blaming  dw news,DW News,News & Politics,none,160931,1751,0,2097,2023-04-28T13:49:07Z,DW News,PT5M54S,hd,False,https://i.ytimg.com/vi/35B6BJaxEho/default.jpg,https://www.youtube.com/watch?v=35B6BJaxEho
KBq7ZO56k78,UCknLrEdhRCp1aegoMqRaCZg,fighter jets will ukraine get them  dw news,DW News,News & Politics,none,56030,740,0,652,2023-02-01T08:27:01Z,"DW News,Ukraine,Russia,Fighter jets,Germany,military,aid,escalation",PT4M47S,hd,False,https://i.ytimg.com/vi/KBq7ZO56k78/default.jpg,https://www.youtube.com/watch?v=KBq7ZO56k78
LIdpC4NGpCM,UCknLrEdhRCp1aegoMqRaCZg,war in ukraine is eastern europe leading the continents response  to the point,DW News,News & Politics,none,418774,6005,0,1792,2022-12-15T17:15:54Z,"DW News,to the point,How Russia is changing balance of power in Europe",PT26M10S,hd,False,https://i.ytimg.com/vi/LIdpC4NGpCM/default.jpg,https://www.youtube.com/watch?v=LIdpC4NGpCM
3gbc-v6TGfE,UCknLrEdhRCp1aegoMqRaCZg,how russia and ukraine are struggling to keep up artillery ammunition supplies  dw analysis,DW News,News & Politics,none,180733,2187,0,930,2023-02-16T16:29:28Z,"DW News,ukraine,ukraine war,war in ukraine,artillery,ammunition,russia ammunition,russia artilery,ukraine artillery,ukraine ammunition",PT7M35S,hd,False,https://i.ytimg.com/vi/3gbc-v6TGfE/default.jpg,https://www.youtube.com/watch?v=3gbc-v6TGfE
C29ugQqjsG8,UCknLrEdhRCp1aegoMqRaCZg,what do russians in estonia think about putins war in ukraine  focus on europe,DW News,News & Politics,none,1412333,12511,0,3782,2022-03-06T09:34:08Z,DW News,PT5M,hd,False,https://i.ytimg.com/vi/C29ugQqjsG8/default.jpg,https://www.youtube.com/watch?v=C29ugQqjsG8
UAtmmon9ju4,UCknLrEdhRCp1aegoMqRaCZg,ukraine war what to expect in   conflict zone special,DW News,News & Politics,none,978091,11651,0,3148,2022-12-28T18:30:31Z,DW News,PT15M39S,hd,False,https://i.ytimg.com/vi/UAtmmon9ju4/default.jpg,https://www.youtube.com/watch?v=UAtmmon9ju4
y4PCTHFo908,UCknLrEdhRCp1aegoMqRaCZg,putin refers to war in ukraine as a war for first time  dw news,DW News,News & Politics,none,969529,10442,0,3755,2022-12-23T22:30:09Z,"DW News,war in ukraine",PT3M34S,hd,False,https://i.ytimg.com/vi/y4PCTHFo908/default.jpg,https://www.youtube.com/watch?v=y4PCTHFo908
4l3XShOfLIQ,UCknLrEdhRCp1aegoMqRaCZg,can arms industries scale up production to meet ukraines sudden demand  dw news,DW News,News & Politics,none,266491,3282,0,2198,2023-02-13T16:07:48Z,"DW News,ukraine ammunition,bullets ukraine,arms industry,weapons industry,NATO countries arms ukraine,arms production",PT8M30S,hd,False,https://i.ytimg.com/vi/4l3XShOfLIQ/default.jpg,https://www.youtube.com/watch?v=4l3XShOfLIQ
RFXArMvzRjg,UCknLrEdhRCp1aegoMqRaCZg,ukraine is simply the first battle former nato supreme allied commander wesley clark interview,DW News,News & Politics,none,921438,15430,0,4574,2022-03-10T08:30:29Z,"ukraine war,ukraine conflict,ukraine invasion,ukraine timeline,ukraine russia,russia invasion",PT7M59S,hd,False,https://i.ytimg.com/vi/RFXArMvzRjg/default.jpg,https://www.youtube.com/watch?v=RFXArMvzRjg
cHOvEE1Y230,UCknLrEdhRCp1aegoMqRaCZg,former chinese senior colonel war in ukraine has nothing to do with china  dw interview,DW News,News & Politics,none,1151784,13705,0,6245,2023-02-19T12:33:35Z,"DW News,Zhou Bo,China,USA,Russia,Ukraine,war,Taiwan,Conflict,military,colonel,nuclear weapons,diplomacy,NATO,MSC,Munich Security Conference,2023",PT20M35S,hd,False,https://i.ytimg.com/vi/cHOvEE1Y230/default.jpg,https://www.youtube.com/watch?v=cHOvEE1Y230
oe2RTn10Zvg,UCknLrEdhRCp1aegoMqRaCZg,natos stoltenberg urges south korea to supply weapons to ukraine  dw news,DW News,News & Politics,none,118189,1532,0,1334,2023-01-30T09:05:59Z,DW News,PT4M1S,hd,False,https://i.ytimg.com/vi/oe2RTn10Zvg/default.jpg,https://www.youtube.com/watch?v=oe2RTn10Zvg
UO2F8nUi3oA,UCknLrEdhRCp1aegoMqRaCZg,fact check  fakes of the war in ukraine  dw news,DW News,News & Politics,none,2205125,47572,0,3472,2022-02-27T12:14:25Z,DW News,PT3M36S,hd,False,https://i.ytimg.com/vi/UO2F8nUi3oA/default.jpg,https://www.youtube.com/watch?v=UO2F8nUi3oA
plW_mR3XFi4,UCknLrEdhRCp1aegoMqRaCZg,what to expect in the ukraine war in   dw news,DW News,News & Politics,none,435502,4200,0,1764,2023-01-02T09:34:34Z,DW News,PT7M11S,hd,False,https://i.ytimg.com/vi/plW_mR3XFi4/default.jpg,https://www.youtube.com/watch?v=plW_mR3XFi4
3uVJFmWTrDw,UCknLrEdhRCp1aegoMqRaCZg,can ukraine break the stalemate with its new weapons  dw news,DW News,News & Politics,none,374418,3455,0,1150,2023-03-16T08:44:33Z,"DW News,ukraine war,ukraine counteroffensive,ukraine offensive,ukraine russia,war in ukriane,russia counteroffensive,ukraine frontline,russia,ukraine",PT7M3S,hd,False,https://i.ytimg.com/vi/3uVJFmWTrDw/default.jpg,https://www.youtube.com/watch?v=3uVJFmWTrDw
EOljERy1Mc0,UCknLrEdhRCp1aegoMqRaCZg,latvian president why ukraine holds the key to the challenge of china  dw news,DW News,News & Politics,none,101237,1392,0,653,2023-03-30T17:30:09Z,"DW News,Latvia,Estonia,Baltics,Lithuania,Ukraine,Volodymyr Zelenskyy,Vladimir Putin,Xi Jinping,War,Bakhmut,Kyiv,Belarus,Alexander Lukaschenko,Russia,Moscow,Nato",PT17M24S,hd,True,https://i.ytimg.com/vi/EOljERy1Mc0/default.jpg,https://www.youtube.com/watch?v=EOljERy1Mc0
psqUfw2m5n4,UCknLrEdhRCp1aegoMqRaCZg,ukraine braces for new russian offensive  nato chief ukraine can win this war  ukraine update,DW News,News & Politics,none,942128,8067,0,2437,2022-05-16T09:46:52Z,DW News,PT10M19S,hd,False,https://i.ytimg.com/vi/psqUfw2m5n4/default.jpg,https://www.youtube.com/watch?v=psqUfw2m5n4
al1ADZRKI4o,UCknLrEdhRCp1aegoMqRaCZg,us rep adam smith ukraine war must be a strategic failure for russia  dw interview,DW News,News & Politics,none,91163,1709,0,893,2023-02-18T09:18:42Z,DW News,PT15M51S,hd,False,https://i.ytimg.com/vi/al1ADZRKI4o/default.jpg,https://www.youtube.com/watch?v=al1ADZRKI4o
QYiXGmVeOJI,UCknLrEdhRCp1aegoMqRaCZg,live nato ukraine eu joint press conference  dw news,DW News,News & Politics,none,91154,1334,0,845,2023-02-21T12:25:32Z,"DW News,nato,nato urkaine,nato russia,ukraine war,war in ukraine,kuleba,stoltenberg",PT32M7S,hd,False,https://i.ytimg.com/vi/QYiXGmVeOJI/default.jpg,https://www.youtube.com/watch?v=QYiXGmVeOJI
rKyOy2IHBSM,UCknLrEdhRCp1aegoMqRaCZg,ukraine war expert i believe it could be over this year  dw news,DW News,News & Politics,none,541185,7194,0,2258,2023-02-09T19:15:01Z,"DW News,Russia war in Ukraine",PT14M39S,hd,False,https://i.ytimg.com/vi/rKyOy2IHBSM/default.jpg,https://www.youtube.com/watch?v=rKyOy2IHBSM
ypc88YVZvuM,UCknLrEdhRCp1aegoMqRaCZg,the push for heavy arms deliveries to ukraine  a turning point in the war  dw news,DW News,News & Politics,none,182235,1753,0,1231,2023-01-18T12:45:02Z,"DW News,Ukraine,WEF,Zelenskyy,Scholz,Germany,Leopard tank,crash,Russia,invasion,war",PT9M32S,hd,False,https://i.ytimg.com/vi/ypc88YVZvuM/default.jpg,https://www.youtube.com/watch?v=ypc88YVZvuM
tLbCGnK7CnI,UCknLrEdhRCp1aegoMqRaCZg,russia belarus expand joint drills what does it mean for ukraine  dw news,DW News,News & Politics,none,183082,1780,0,976,2023-01-16T10:29:03Z,DW News,PT5M8S,hd,False,https://i.ytimg.com/vi/tLbCGnK7CnI/default.jpg,https://www.youtube.com/watch?v=tLbCGnK7CnI
vgGMvwEncD8,UCknLrEdhRCp1aegoMqRaCZg,what putins ukraine war draft means for russia  dw news,DW News,News & Politics,none,1128235,10125,0,4742,2022-09-24T09:52:53Z,DW News,PT6M3S,hd,False,https://i.ytimg.com/vi/vgGMvwEncD8/default.jpg,https://www.youtube.com/watch?v=vgGMvwEncD8
gkXoSqSbWiU,UCknLrEdhRCp1aegoMqRaCZg,russian firms are sending employees to fight in ukraine  dw news,DW News,News & Politics,none,102000,1315,0,570,2023-04-27T19:15:01Z,"DW News,gazprom,private army,soldier,Mercenary,russia,war in ukraine,ukraine",PT4M45S,hd,False,https://i.ytimg.com/vi/gkXoSqSbWiU/default.jpg,https://www.youtube.com/watch?v=gkXoSqSbWiU
gzjkve0jAcY,UCknLrEdhRCp1aegoMqRaCZg,defense ministers discuss tank deliveries at ukraine contact group meeting in ramstein  dw news,DW News,News & Politics,none,387817,5075,0,3466,2023-01-20T12:11:23Z,"DW News,ukraine,ukraine contact group,ramstein,ukraine war,war in ukraine,nato,ramstein meeting,leopard 2,challenger tank,abrams tank",PT18M48S,hd,False,https://i.ytimg.com/vi/gzjkve0jAcY/default.jpg,https://www.youtube.com/watch?v=gzjkve0jAcY
vwARAH9T-tw,UCknLrEdhRCp1aegoMqRaCZg,the importance of fighter jets for the ukraine war  dw analysis,DW News,News & Politics,none,73902,1158,0,669,2023-02-16T17:49:52Z,"DW News,fighter jets,fighter aircraft,ukraine war,war in ukraine,ukraine fighter jets,russia ukraine war,ukraine russia war,ukraine russia",PT6M8S,hd,False,https://i.ytimg.com/vi/vwARAH9T-tw/default.jpg,https://www.youtube.com/watch?v=vwARAH9T-tw
zn2Rz9RfG9o,UCknLrEdhRCp1aegoMqRaCZg,putin acknowledges the war in ukraine could turn into a longterm process  dw news,DW News,News & Politics,none,149581,2178,0,1127,2022-12-08T09:58:36Z,"DW News,ukraine war,war in ukraine,putin,zelensky,russia,russia news,ukraine news",PT6M57S,hd,False,https://i.ytimg.com/vi/zn2Rz9RfG9o/default.jpg,https://www.youtube.com/watch?v=zn2Rz9RfG9o
wZ0CkIavY6M,UCknLrEdhRCp1aegoMqRaCZg,angela merkel on ukraine putin and her legacy  dw news,DW News,News & Politics,none,743451,7935,0,3556,2022-06-07T21:37:58Z,"DW News,angela merkel,merkel putin,putin,ukriane,ukraine invasion,russia,russia merkel,russia ukraine,ukraine war",PT12M39S,hd,False,https://i.ytimg.com/vi/wZ0CkIavY6M/default.jpg,https://www.youtube.com/watch?v=wZ0CkIavY6M
SMajr6MF15o,UCknLrEdhRCp1aegoMqRaCZg,ukraine a path to peace with parallel counteroffensive preparations  dw news,DW News,News & Politics,none,71828,883,0,597,2023-04-27T14:45:03Z,"DW News,war in ukraine,ukraine war,russia ukraine war,ukraine peace plan,ukraine counteroffensive,ukraine china",PT7M43S,hd,False,https://i.ytimg.com/vi/SMajr6MF15o/default.jpg,https://www.youtube.com/watch?v=SMajr6MF15o
pC2ckj9PvP4,UCupvZG-5ko_eiXAupbDfxWw,can ukraine retake land from russia hear nato chiefs prediction,CNN,News & Politics,none,704804,7555,0,3486,2023-04-18T19:41:00Z,,PT8M44S,sd,True,https://i.ytimg.com/vi/pC2ckj9PvP4/default.jpg,https://www.youtube.com/watch?v=pC2ckj9PvP4
EaM_rmBOmAw,UCupvZG-5ko_eiXAupbDfxWw,russia has started a new offensive in ukraine says nato chief,CNN,News & Politics,none,326058,3533,0,2538,2023-02-13T23:17:47Z,"Jens Stoltenberg,Mike Lyons,David McKenzie,Ukraine,Russia,offensive,NATO",PT9M46S,hd,True,https://i.ytimg.com/vi/EaM_rmBOmAw/default.jpg,https://www.youtube.com/watch?v=EaM_rmBOmAw
scT6U-epMFE,UCupvZG-5ko_eiXAupbDfxWw,ukraine can win this war says nato chief,CNN,News & Politics,none,602238,8105,0,4381,2022-10-14T23:55:06Z,"latest News,Happening Now,CNN,NATO,Secretary General,Jens Stoltenberg,Stoltenberg,Ukraine,Russia,War,conflict,strikes,interview,Amanpour,Christiane Amanpour,OTAN",PT10M31S,hd,True,https://i.ytimg.com/vi/scT6U-epMFE/default.jpg,https://www.youtube.com/watch?v=scT6U-epMFE
0K066A_XXss,UCupvZG-5ko_eiXAupbDfxWw,former nato commander warns ukraine conflict will get worse,CNN,News & Politics,none,710359,7106,0,2846,2022-03-25T16:33:07Z,"latest News,Happening Now,CNN,CNN Newsroom,John Berman,Poppy Harlow,Russia,Ukraine,Vladimir Putin,World",PT4M42S,sd,True,https://i.ytimg.com/vi/0K066A_XXss/default.jpg,https://www.youtube.com/watch?v=0K066A_XXss
rga5iSITzAk,UCupvZG-5ko_eiXAupbDfxWw,huge problem retired colonel on russia hitting ukraine with  hypersonic missiles,CNN,News & Politics,none,662340,7511,0,3447,2023-03-10T20:26:49Z,"latest news,Happening Now,CNN,CNN Newsroom,Bianca Nobilo,Max Foster,Russia Ukraine War,Putin's War,Vladimir Putin,Volodymyr Zelensky,Russia Military,Ukraine Military,Ukraine Missile Defense,Bakhmut,Kyiv,Russia Invasion,Ukraine Counteroffensive,East Ukraine,South Ukraine,Donbas,Donetsk,NATO,Eastern Europe,Kate Bolduan,At This Hour,Don Lemon,Kaitlan Collins,Cedric Leighton,Mark Esper",PT4M59S,hd,True,https://i.ytimg.com/vi/rga5iSITzAk/default.jpg,https://www.youtube.com/watch?v=rga5iSITzAk
XWYhJ7NNF1c,UCupvZG-5ko_eiXAupbDfxWw,hear what russians think about western tanks for ukraine,CNN,News & Politics,none,3345981,26257,0,16567,2023-01-27T12:28:16Z,"latest news,Happening Now,CNN,Kim Brunhuber,CNN Newsroom,Nic Robertson,Salma Abdelaziz,Russia Ukraine War,Moscow,Kremlin,Putin's War,Vladimir Putin,Germany Tanks,US Tanks,Leopard 2 Tanks,Abrams Tanks,Ukraine Tanks,Ukraine Military Aid,Ukraine Military,Ukraine Troops,Ukraine Counteroffensive,Russia Military,Russia Troops,Eastern Europe",PT6M16S,hd,True,https://i.ytimg.com/vi/XWYhJ7NNF1c/default.jpg,https://www.youtube.com/watch?v=XWYhJ7NNF1c
H_djyPEfkSI,UCupvZG-5ko_eiXAupbDfxWw,historian predicts how russias war in ukraine could end,CNN,News & Politics,none,2021965,14205,0,4591,2023-02-25T14:51:16Z,,PT4M43S,hd,True,https://i.ytimg.com/vi/H_djyPEfkSI/default.jpg,https://www.youtube.com/watch?v=H_djyPEfkSI
2g4kkHnWp2M,UCupvZG-5ko_eiXAupbDfxWw,russia is sending some us weapons captured in ukraine to iran,CNN,News & Politics,none,464825,4480,0,2957,2023-03-10T14:09:50Z,"latest news,Happening Now,CNN,Kaitlan Collins,Don Lemon,CNN This Morning,Natasha Bertrand,Mark Esper,US Weapons,NATO Weapons,Russia Iran,Iran Weapons,Russia Ukraine War,Putin's War,Russia Military,Ukraine Military,Ukraine Military Aid,Vladimir Putin,Javelin Missiles,Javelin Anti-Tank,Reverse Engineering",PT7M13S,hd,True,https://i.ytimg.com/vi/2g4kkHnWp2M/default.jpg,https://www.youtube.com/watch?v=2g4kkHnWp2M
mAG_IUCVAXk,UCupvZG-5ko_eiXAupbDfxWw,boris johnson reacts to putins war in ukraine,CNN,News & Politics,none,644417,11559,0,4022,2023-02-22T02:50:38Z,,PT10M12S,hd,True,https://i.ytimg.com/vi/mAG_IUCVAXk/default.jpg,https://www.youtube.com/watch?v=mAG_IUCVAXk
G2Xrs6vg_Ws,UCupvZG-5ko_eiXAupbDfxWw,russia continues to pay severely top us general on ukraine war,CNN,News & Politics,none,1469393,16408,0,7834,2023-03-16T18:45:00Z,"latest news,Happening Now,CNN,Chairman of the Joint Chiefs of Staff,General Mark Milley,US Defense Secretary,Lloyd Austin,Ukraine Defense Contact Group,Russia Ukraine War,Putin's War,Russia Invasion,Ukraine Counteroffensive,Russia Military,Wagner Group,Bakhmut,Ukraine Military,US Drone,Reaper Drone,MQ-9 Reaper,Black Sea,NATO,Eastern Europe,Vladimir Putin,Volodymyr Zelensky",PT8M17S,hd,True,https://i.ytimg.com/vi/G2Xrs6vg_Ws/default.jpg,https://www.youtube.com/watch?v=G2Xrs6vg_Ws
3tRdK5Vwkpk,UCupvZG-5ko_eiXAupbDfxWw,see the destruction left after massive russian missile attack on ukraine,CNN,News & Politics,none,136936,1301,0,1093,2023-03-10T03:25:13Z,"CNNI,World News,Russia,Ukraine,Putin,Jeff Zeleny",PT10M25S,hd,True,https://i.ytimg.com/vi/3tRdK5Vwkpk/default.jpg,https://www.youtube.com/watch?v=3tRdK5Vwkpk
6OEbC60v6z4,UCupvZG-5ko_eiXAupbDfxWw,can ukraine push out russia see top us generals blunt assessment,CNN,News & Politics,none,2094433,21521,0,8038,2022-11-17T14:03:46Z,,PT6M36S,hd,False,https://i.ytimg.com/vi/6OEbC60v6z4/default.jpg,https://www.youtube.com/watch?v=6OEbC60v6z4
JW4tJlpkpxY,UCupvZG-5ko_eiXAupbDfxWw,ukraine will pay if germany sends it tanks russia warns,CNN,News & Politics,none,1094379,10587,0,9708,2023-01-23T17:28:41Z,"latest news,Happening now,CNN,Kate Bolduan,At This Hour,Jim Sciutto,CNN Newsroom,Fred Pleitgen,Mark Hertling,Rep. Chrissy Houlahan,Ukraine Tanks,Germany Tanks,Leopard 2 Tanks,Abrams Tanks,Ukraine Military Aid,Russia Ukraine War,Putin's War,Kremlin,Vladimir Putin,Dmitry Peskov,Russia Warning,Russia Military,Ukraine Miltary,Ukraine Counteroffensive,Russia Invasion,Kyiv",PT10M45S,hd,True,https://i.ytimg.com/vi/JW4tJlpkpxY/default.jpg,https://www.youtube.com/watch?v=JW4tJlpkpxY
IYscbQYS3Bg,UCupvZG-5ko_eiXAupbDfxWw,top us general says ejecting russia from ukraine will be difficult this year,CNN,News & Politics,none,647640,5860,0,4202,2023-01-20T18:52:40Z,"latest news,Happening Now,CNN,John King,Inside Politics,General Mark Milley,Chairman of the Joint Chiefs of Staff,Defense Secretary Lloyd Austin,Russia Ukraine War,Putin's War,Vladimir Putin,Russia Invasion,Ukraine Counteroffensive,Ukraine Military Aid,Ukraine Tanks,M1 Tanks,Abrams Tanks,Ramstein Air Base,Leopard 2 Tanks,Ukraine Defense Contact Group,Oren Liebermann,Natasha Bertrand,Katie Bo Lillis,William Burns,CIA Director",PT10M4S,hd,False,https://i.ytimg.com/vi/IYscbQYS3Bg/default.jpg,https://www.youtube.com/watch?v=IYscbQYS3Bg
Ztls3lQ769s,UCupvZG-5ko_eiXAupbDfxWw,wagner leader issues ominous warning about his troops in ukraine,CNN,News & Politics,none,1070484,10902,0,5660,2023-04-29T01:36:46Z,,PT10M59S,hd,False,https://i.ytimg.com/vi/Ztls3lQ769s/default.jpg,https://www.youtube.com/watch?v=Ztls3lQ769s
EQQkg2yeT4o,UCupvZG-5ko_eiXAupbDfxWw,russia launches overnight aerial assault across ukraine,CNN,News & Politics,none,264859,2946,0,2830,2023-03-09T17:00:17Z,"CNN,news,Top news,Russia,Ukraine,World,Cedric Leighton,Don Lemon,Poppy Harlow,Ivan Watson,Lviv,Kyiv,Zaporizhzhia,power plant,missiles,strike,weapons,war,CNN This Morning,ballistic,kinzhal,air defense,military",PT9M12S,hd,True,https://i.ytimg.com/vi/EQQkg2yeT4o/default.jpg,https://www.youtube.com/watch?v=EQQkg2yeT4o
NLl5scTPNgU,UCupvZG-5ko_eiXAupbDfxWw,anger grows in russia over ukraines new years day strike on russian troops,CNN,News & Politics,none,1252834,12096,0,6935,2023-01-03T19:07:09Z,"latest news,Happening Now,CNN,Eleni Giokos,Connect The World,Scott McLean,Makiivka,Donetsk Region,Vocational School,Ukraine Missile Strike,HIMARS,Ukraine Counteroffensive,Russia Military,Russia Troops,Ukraine Military,Ukraine Troops,Volodymyr Zelensky,Russia Ukraine War,Putin's War,Vladimir Putin,East Ukraine,South Ukraine",PT4M2S,hd,True,https://i.ytimg.com/vi/NLl5scTPNgU/default.jpg,https://www.youtube.com/watch?v=NLl5scTPNgU
U4qxgQNm2Js,UCupvZG-5ko_eiXAupbDfxWw,retired colonel predicts what putin might do to ukraine in ,CNN,News & Politics,none,674637,6502,0,4638,2023-01-01T23:47:44Z,"russia,vladimir putin,world news,ukraine,clare sebastian,cedric leighton",PT5M41S,hd,False,https://i.ytimg.com/vi/U4qxgQNm2Js/default.jpg,https://www.youtube.com/watch?v=U4qxgQNm2Js
iNaDJ1kKFQI,UCupvZG-5ko_eiXAupbDfxWw,trump cozies up to putin says russia will take over ukraine,CNN,News & Politics,none,368177,3515,0,4222,2023-03-30T18:19:56Z,"latest news,Happening Now,CNN,Abby Phillip,Inside Politics,Jeremy Diamond,Donald Trump,Gov. Ron DeSantis,Vladimir Putin,Election 2024,Russia Ukraine War,GOP,Republican,Putin's War,Trump Putin,Florida Governor,Ukraine Military Aid,Disney,Florida Politcs,Eastern Europe,NATO,Russia US Relations",PT5M48S,hd,True,https://i.ytimg.com/vi/iNaDJ1kKFQI/default.jpg,https://www.youtube.com/watch?v=iNaDJ1kKFQI
0nvyZ88d_V0,UCupvZG-5ko_eiXAupbDfxWw,retired colonel very concerned about us weapon shortages for ukraine,CNN,News & Politics,none,374273,3577,0,2760,2022-11-20T01:45:00Z,"Cedric Leighton,Brianna Keilar,Pamela Brown,Lloyd Austin,James Comer,Republicans,Ukraine,Russia",PT6M,hd,True,https://i.ytimg.com/vi/0nvyZ88d_V0/default.jpg,https://www.youtube.com/watch?v=0nvyZ88d_V0
Tif3cpq51aw,UCupvZG-5ko_eiXAupbDfxWw,retired general on how us tanks could affect ukraine battlefield,CNN,News & Politics,none,374625,4797,0,2709,2023-01-24T23:57:46Z,"wesley clark,wolf blitzer,Jill Doughtery,Richard Blumenthal,Russia,Ukraine,Tanks,Germany",PT6M30S,hd,True,https://i.ytimg.com/vi/Tif3cpq51aw/default.jpg,https://www.youtube.com/watch?v=Tif3cpq51aw
FjO0DE8DZlA,UCupvZG-5ko_eiXAupbDfxWw,putin makes concession about ukraine war in meeting with china,CNN,News & Politics,none,566192,5479,0,2559,2022-09-16T13:46:29Z,"latest News,Happening Now,CNN,Michael Holmes,CNN Newsroom,Ivan Watson,Steven Jiang,Vladimir Putin,Xi Jingping,Samarkand Summit,Russia China,Russia Ukraine War,Putin's War,Russia Invasion,Ukraine Counteroffensive,Ukraine Military,Ukraine Troops,Russia Military,Russia Troops,East Ukraine,Eastern Europe",PT5M13S,hd,True,https://i.ytimg.com/vi/FjO0DE8DZlA/default.jpg,https://www.youtube.com/watch?v=FjO0DE8DZlA
sRkuIiGSrAY,UCupvZG-5ko_eiXAupbDfxWw,retired colonel shows russias strategy in eastern ukraine,CNN,News & Politics,none,716812,5652,0,2373,2023-01-30T16:52:52Z,"#CNN,#Newsroom,#Russia,#War,#Ukraine,#Strategy,#RetiredColonel,Cedric Leighton",PT4M37S,hd,True,https://i.ytimg.com/vi/sRkuIiGSrAY/default.jpg,https://www.youtube.com/watch?v=sRkuIiGSrAY
kb0bFDbUzzw,UCupvZG-5ko_eiXAupbDfxWw,retired admiral predicts how ukraine could possibly win war against russia,CNN,News & Politics,none,696191,6920,0,2739,2023-04-02T18:14:15Z,"Ukraine,Russia,World,William McRaven,Fareed Zakaria",PT3M45S,hd,True,https://i.ytimg.com/vi/kb0bFDbUzzw/default.jpg,https://www.youtube.com/watch?v=kb0bFDbUzzw
LRUggpdkcxM,UCupvZG-5ko_eiXAupbDfxWw,secret russian document outlines plan for destabilizing ukraine neighbor,CNN,News & Politics,none,236754,2747,0,1273,2023-03-17T02:30:07Z,"Moldova,Russia,Ukraine,FSB,Nic Robertson",PT3M32S,hd,True,https://i.ytimg.com/vi/LRUggpdkcxM/default.jpg,https://www.youtube.com/watch?v=LRUggpdkcxM
FPts4-j_HLk,UCupvZG-5ko_eiXAupbDfxWw,a top us intelligence official assesses where russias war in ukraine stands now,CNN,News & Politics,none,814466,10335,0,3432,2023-01-22T16:06:51Z,"world news,russia invasion,ukraine invasion,russia war",PT5M57S,hd,True,https://i.ytimg.com/vi/FPts4-j_HLk/default.jpg,https://www.youtube.com/watch?v=FPts4-j_HLk
70v6RmJj31E,UCupvZG-5ko_eiXAupbDfxWw,china releases point peace plan for russiaukraine war,CNN,News & Politics,none,279780,2778,0,3009,2023-02-25T17:00:05Z,"China,Russia,Ukraine,War,Peace plan,Marc Stewart,CNN This Morning Weekend",PT8M13S,hd,True,https://i.ytimg.com/vi/70v6RmJj31E/default.jpg,https://www.youtube.com/watch?v=70v6RmJj31E
FVggzozBWX4,UCupvZG-5ko_eiXAupbDfxWw,suffering will increase hear russias response to german tanks for ukraine,CNN,News & Politics,none,669533,4968,0,4825,2023-01-25T20:00:06Z,"Leopard 2 tanks,germany,ukraine war,russia,Fred Pleitgen,Chancellor Olaf Scholz",PT6M16S,hd,True,https://i.ytimg.com/vi/FVggzozBWX4/default.jpg,https://www.youtube.com/watch?v=FVggzozBWX4
ZXFrgEK1f9w,UCupvZG-5ko_eiXAupbDfxWw,over  russian missiles hit ukraine after peace plan announced,CNN,News & Politics,none,697909,6692,0,5155,2022-11-15T18:06:13Z,"latest news,Happening Now,CNN,Lynda Kinkade,Connect The World,Sam Kiley,Nic Robertson,MJ Lee,Russia Ukraine War,Putin's War,Russia Missile Strikes,Russia Missiles,Russia Military,Russia Troops,Ukraine Military,Ukraine Troops,Ukraine Counteroffensive,Volodymyr Zelensky,Kyiv,Lviv,Kharkiv,G20 Summit,Bali,Indonesia",PT9M53S,hd,True,https://i.ytimg.com/vi/ZXFrgEK1f9w/default.jpg,https://www.youtube.com/watch?v=ZXFrgEK1f9w
NuYW883L-XE,UCupvZG-5ko_eiXAupbDfxWw,kremlin patriot missiles arriving in ukraine will be a prime target for russian airstrikes,CNN,News & Politics,none,718258,6346,0,3962,2022-12-15T04:26:41Z,,PT5M39S,hd,True,https://i.ytimg.com/vi/NuYW883L-XE/default.jpg,https://www.youtube.com/watch?v=NuYW883L-XE
N95hI4VpRQ8,UCupvZG-5ko_eiXAupbDfxWw,white house official in ukraine time is not our friend,CNN,News & Politics,none,285058,3495,0,1930,2023-01-23T19:57:48Z,"latest news,Happening Now,CNN,Christiane Amanpour,Amanpour,John Kirby,National Security Council coordinator for strategic communications,White House,Biden Administration,Russia Ukraine War,Russia Spring Offensive,Ukraine Military Aid,Abrams Tanks,Leopard 2 Tanks,Germany Tanks,Russia Invasion,Putin's War,Vladimir Putin,Dmitry Peskov,Ukraine Counteroffensive,Russia Military,Ukraine Military",PT10M24S,hd,True,https://i.ytimg.com/vi/N95hI4VpRQ8/default.jpg,https://www.youtube.com/watch?v=N95hI4VpRQ8
Uk0g2MiWY-I,UCupvZG-5ko_eiXAupbDfxWw,cnn gets rare access inside a plant making ammo for ukraine,CNN,News & Politics,none,564386,7200,0,2495,2023-02-17T12:35:00Z,"ukraine,russia,ammunition,cnn,oren liebermann,US,latest news,Happening Now,Russia Ukraine War,Putin's War,Ukraine Military,Ukraine Troops,Ukraine Military Aid,Russia Invasion,Vladimir Putin,Volodymyr Zelensky,Eastern Europe",PT6M49S,hd,True,https://i.ytimg.com/vi/Uk0g2MiWY-I/default.jpg,https://www.youtube.com/watch?v=Uk0g2MiWY-I
0njyNiIrKww,UCupvZG-5ko_eiXAupbDfxWw,exmilitary leaders fight for kherson could determine outcome of ukraine war,CNN,News & Politics,none,220133,2519,0,705,2022-11-07T23:54:19Z,,PT9M52S,hd,True,https://i.ytimg.com/vi/0njyNiIrKww/default.jpg,https://www.youtube.com/watch?v=0njyNiIrKww
K2erFXx8PrU,UCupvZG-5ko_eiXAupbDfxWw,weapons weapons and weapons top zelensky aide on what ukraine really needs,CNN,News & Politics,none,207433,2521,0,2464,2023-01-16T19:49:33Z,"latest news,Happening Now,CNN,Dnipro,Dnipro Apartment Attack,Russia Missile Attack,Russia Missile Strike,KH-22 Missile,KH-22,Kursk,Sea of Azov,Russia Military,Vladimir Putin,Volodymyr Zelensky,Russia Ukraine War,Putin's War,South Ukraine,Russia Invasion,Eastern Europe,Christiane Amanpour,Amanpour,Igor Zhovkva,Zelensky Adviser,Ukraine Military,Ukraine,Ukraine Troops,Ukraine Military Aid",PT10M32S,hd,True,https://i.ytimg.com/vi/K2erFXx8PrU/default.jpg,https://www.youtube.com/watch?v=K2erFXx8PrU
w8ICxUVmrio,UCupvZG-5ko_eiXAupbDfxWw,expert says ukraine must cross putins red line to win,CNN,News & Politics,none,1238256,13879,0,6678,2023-02-05T19:00:21Z,,PT6M55S,hd,True,https://i.ytimg.com/vi/w8ICxUVmrio/default.jpg,https://www.youtube.com/watch?v=w8ICxUVmrio
qKX_TESWwg0,UCupvZG-5ko_eiXAupbDfxWw,putin critic jailed for  years after publicly criticizing ukraine war,CNN,News & Politics,none,93708,1062,0,888,2023-04-18T00:45:02Z,"Russia,Russia Ukraine war,Vladimir Putin,Kremlin,Vladimir Kara-Murza,Russian human rights advocate,Matthew Chance,Alexander Ivanov,Naiv,Vadim Prokhorov,John Sullivan,Erin Burnett,Out Front,World News",PT10M35S,hd,True,https://i.ytimg.com/vi/qKX_TESWwg0/default.jpg,https://www.youtube.com/watch?v=qKX_TESWwg0
27P8jpuE1Ao,UCupvZG-5ko_eiXAupbDfxWw,hear how desantis flipflopped on backing ukraine in its fight against russia,CNN,News & Politics,none,67989,846,0,1431,2023-03-14T18:45:58Z,"latest news,Happening Now,CNN,John King,Inside Politics,Dana Bash,Francesca Chambers,Alex Burns,Gov. Ron DeSantis,DeSantis Ukraine,Ukraine Military Aid,DeSantis Congress,Election 2024,Florida Governor,Barack Obama,Russia Ukraine War,Putin's War,Vladimir Putin,Russia Invasion,Ukraine Counteroffensive",PT5M53S,hd,True,https://i.ytimg.com/vi/27P8jpuE1Ao/default.jpg,https://www.youtube.com/watch?v=27P8jpuE1Ao
CkvAw7oltKw,UCupvZG-5ko_eiXAupbDfxWw,putins reputed girlfriend makes public comments about ukraine war,CNN,News & Politics,none,671250,5504,0,2498,2023-02-07T04:03:51Z,"Vladimir Putin,Russian President,Russian President Vladimir Putin,Putin,girlfriend,Putin's reputed girlfriend,Alina Kabaeva,war propaganda,propaganda,Kalashnikov,Ukraine,war,Russia,public comments",PT3M9S,hd,True,https://i.ytimg.com/vi/CkvAw7oltKw/default.jpg,https://www.youtube.com/watch?v=CkvAw7oltKw
QVVr3Tea0UE,UCupvZG-5ko_eiXAupbDfxWw,retired general predicts when ukraine will see new tanks,CNN,News & Politics,none,212626,3204,0,1241,2023-01-25T02:59:15Z,"Ukraine,Russia,Putin,Zelensky,Tanks,Abrams,Leopard,tank,battlefield,hertling,wolf blitzer,mark hertling,william taylor,katie bo lillis",PT4M10S,hd,True,https://i.ytimg.com/vi/QVVr3Tea0UE/default.jpg,https://www.youtube.com/watch?v=QVVr3Tea0UE
DgfbyFs09nE,UCupvZG-5ko_eiXAupbDfxWw,defense minister says ukraine is preparing for possible russian invasion from belarus,CNN,News & Politics,none,1301130,10610,0,3549,2022-12-14T16:32:36Z,"CNN,News,Top News,Ukraine,Russia,Will Ripley,Erin Burnett,Erin Burnett Outfront,World,Belarus,Vladimir Putin,war,weapons,military,combat,drills,defense minister,missile system",PT4M12S,hd,True,https://i.ytimg.com/vi/DgfbyFs09nE/default.jpg,https://www.youtube.com/watch?v=DgfbyFs09nE
JlzvLpiGRXg,UCupvZG-5ko_eiXAupbDfxWw,us officials finalizing plans to send patriot missiles to ukraine amid russian bombardment,CNN,News & Politics,none,60644,822,0,490,2022-12-15T01:32:01Z,,PT6M42S,hd,True,https://i.ytimg.com/vi/JlzvLpiGRXg/default.jpg,https://www.youtube.com/watch?v=JlzvLpiGRXg
BK6HEeeKwkc,UCupvZG-5ko_eiXAupbDfxWw,ret us army major explains how ukraine should approach the battle for bakhmut,CNN,News & Politics,none,675219,5715,0,2976,2023-03-06T13:20:57Z,"latest news,Happening Now,CNN,Don Lemon,CNN This Morning,Mike Lyons,Melissa Bell,Bakhmut,Bakhmut Battle,Donbas,East Ukraine,Wagner Group,Russia Military,Russia Troops,Ukraine Military,Ukraine Troops,Russia Ukraine War,Putin's War,Vladimir Putin,Volodymyr Zelensky,Russia Invasion,Ukraine Counteroffensive,Eastern Europe,NATO",PT6M47S,hd,True,https://i.ytimg.com/vi/BK6HEeeKwkc/default.jpg,https://www.youtube.com/watch?v=BK6HEeeKwkc
A1lTD26V_go,UCupvZG-5ko_eiXAupbDfxWw,russia launches deadly wave of strikes across ukraine,CNN,News & Politics,none,97168,858,0,1723,2023-04-28T12:20:17Z,"latest news,Happening Now,CNN,Kaitlan Collins,CNN This Morning,Nic Robertson,Uman,Ukraine,Russia Airstrikes,Russia Missiles,Russia Drones,Russia Ukraine War,Putin's War,Vladimir Putin,Volodymyr Zelensky,Russia Invasion,Ukraine Counteroffensive,Ukraine Military,Ukraine Air Defenses,Russia Military,Eastern Europe,Dnipro,Kyiv,Kyiv Region",PT4M31S,hd,True,https://i.ytimg.com/vi/A1lTD26V_go/default.jpg,https://www.youtube.com/watch?v=A1lTD26V_go
1BT5nXDhtOo,UCupvZG-5ko_eiXAupbDfxWw,macron russian resentment could be a reason putin chose to invade ukraine,CNN,News & Politics,none,1053986,13811,0,5801,2022-09-23T00:59:57Z,"latest News,Happening Now,CNN,Emmanuel Macron,French President,Russia,Putin,Ukraine",PT9M54S,hd,True,https://i.ytimg.com/vi/1BT5nXDhtOo/default.jpg,https://www.youtube.com/watch?v=1BT5nXDhtOo
r23aYe0Mw1w,UCupvZG-5ko_eiXAupbDfxWw,these maps explain why putin is invading ukraine,CNN,News & Politics,none,1054382,13835,0,3438,2022-03-02T17:08:11Z,"latest News,Happening Now,CNN,Russia,Ukraine,Putin,Maps,Explained,Russian Invasion,Crimea,Vladimir Putin",PT2M47S,hd,False,https://i.ytimg.com/vi/r23aYe0Mw1w/default.jpg,https://www.youtube.com/watch?v=r23aYe0Mw1w
6LHHiCpI39w,UCupvZG-5ko_eiXAupbDfxWw,russian officials false claim about the ukraine war draws laughter,CNN,News & Politics,none,162781,3080,0,1010,2023-03-03T20:54:04Z,,PT21S,hd,False,https://i.ytimg.com/vi/6LHHiCpI39w/default.jpg,https://www.youtube.com/watch?v=6LHHiCpI39w
QHvHMx0xzPo,UCupvZG-5ko_eiXAupbDfxWw,see how us weapons are helping ukraines army,CNN,News & Politics,none,2176614,19661,0,5510,2022-03-17T18:02:46Z,"latest News,Happening Now,CNN,Fred Pleitgen,World,Russia,Ukraine,US",PT2M35S,hd,False,https://i.ytimg.com/vi/QHvHMx0xzPo/default.jpg,https://www.youtube.com/watch?v=QHvHMx0xzPo
N4CrWWwxxGU,UCupvZG-5ko_eiXAupbDfxWw,former us marine now fighting russia speaks about ukraines counteroffensive,CNN,News & Politics,none,621838,7063,0,2441,2022-09-07T13:06:06Z,"latest News,Happening Now,CNN,ukraine,russia,Sam Kiley",PT4M15S,hd,True,https://i.ytimg.com/vi/N4CrWWwxxGU/default.jpg,https://www.youtube.com/watch?v=N4CrWWwxxGU
HxZvus1uPQw,UCupvZG-5ko_eiXAupbDfxWw,pink floyds cofounder accuses biden of huge crime in ukraine hear why,CNN,News & Politics,none,280259,2676,0,6205,2022-08-08T15:23:57Z,"latest News,Happening Now,CNN,John Berman,Brianna Keilar,New Day,Michael Smerconish,Roger Waters,Pink Floyd,Pink Floyd Co-Founder,Roger Waters Ukraine,Roger Waters Politics,President Joe Biden,China,Taiwan,China Taiwan Tension,Russia Ukraine War,Putin's War,Vladimir Putin,Volodymyr Zelensky",PT4M23S,hd,True,https://i.ytimg.com/vi/HxZvus1uPQw/default.jpg,https://www.youtube.com/watch?v=HxZvus1uPQw
q7o4qMw4SwU,UCupvZG-5ko_eiXAupbDfxWw,video appears to show moment cruise missile is shot down over ukraine,CNN,News & Politics,none,240786,2770,0,1131,2022-11-18T14:51:45Z,"latest news,Happening Now,CNN,Erin Burnett,Erin Burnett OutFront,James Spider Marks,Russia Cruise Missile,Ukraine Missile Defense,Russia Ukraine War,Putin's War,Dnipro,Kyiv,Lviv,Kharkiv,Ukraine Military,Ukraine Troops,Russia Military,Russia Troops,Vladimir Putin,Volodymyr Zelensky,Ukrainian Air Defense,Poland,President Joe Biden,Jake Sullivan,Bali,HIMARS,NATO",PT4M51S,hd,True,https://i.ytimg.com/vi/q7o4qMw4SwU/default.jpg,https://www.youtube.com/watch?v=q7o4qMw4SwU
AJcgldaZvRY,UC16niRr50-MSBwiO3YDb3RA,putin using winter as a weapon of war in ukraine says nato secretary general  bbc news,BBC News,News & Politics,none,86642,1371,0,1275,2022-11-29T11:30:04Z,"bbc,bbc news,news",PT4M24S,hd,False,https://i.ytimg.com/vi/AJcgldaZvRY/default.jpg,https://www.youtube.com/watch?v=AJcgldaZvRY
Is76HWa6x9o,UC16niRr50-MSBwiO3YDb3RA,nato military alliance promises to bolster support for ukraine amid russias war  bbc news,BBC News,News & Politics,none,136946,1846,0,1144,2022-06-30T13:00:23Z,"bbc,bbc news,news,Ukraine,Russia",PT5M47S,hd,False,https://i.ytimg.com/vi/Is76HWa6x9o/default.jpg,https://www.youtube.com/watch?v=Is76HWa6x9o
f3nedJOXB8A,UC16niRr50-MSBwiO3YDb3RA,ukraine could win war against russia nato says  bbc news,BBC News,News & Politics,none,980301,12976,0,3679,2022-05-16T15:33:13Z,"bbc,bbc news,news",PT2M47S,hd,False,https://i.ytimg.com/vi/f3nedJOXB8A/default.jpg,https://www.youtube.com/watch?v=f3nedJOXB8A
hm1J-qPb3z8,UC16niRr50-MSBwiO3YDb3RA,ukraine can push back against russian forces says nato secretary general  bbc news,BBC News,News & Politics,none,1333593,14259,0,2855,2022-10-03T11:00:32Z,"bbc,bbc news,news",PT6M48S,hd,False,https://i.ytimg.com/vi/hm1J-qPb3z8/default.jpg,https://www.youtube.com/watch?v=hm1J-qPb3z8
zt5j2mrXLks,UC16niRr50-MSBwiO3YDb3RA,on board a nato surveillance plane monitoring russian activity in ukraine  bbc news,BBC News,News & Politics,none,3269277,37129,0,5630,2022-03-04T18:00:03Z,"bbc,bbc news,news,nato",PT3M5S,hd,False,https://i.ytimg.com/vi/zt5j2mrXLks/default.jpg,https://www.youtube.com/watch?v=zt5j2mrXLks
3VPSZoqJurU,UC16niRr50-MSBwiO3YDb3RA,inside the country backing russias invasion of ukraine  bbc newsnight visits serbia,BBC News,News & Politics,none,1669156,16116,0,22074,2023-02-17T21:00:03Z,"bbc,bbc news,news",PT23M18S,hd,False,https://i.ytimg.com/vi/3VPSZoqJurU/default.jpg,https://www.youtube.com/watch?v=3VPSZoqJurU
57uYGc504QQ,UC16niRr50-MSBwiO3YDb3RA,whats the risk of nuclear war from the russiaukraine conflict  bbc news,BBC News,News & Politics,none,3079666,28101,0,6804,2022-02-28T20:29:54Z,"bbc,bbc news,news,russia,nuclear,us,ukraine",PT3M7S,hd,False,https://i.ytimg.com/vi/57uYGc504QQ/default.jpg,https://www.youtube.com/watch?v=57uYGc504QQ
ID6XQgQZaqM,UC16niRr50-MSBwiO3YDb3RA,finland to apply for nato membership after russias invasion of ukraine  bbc news,BBC News,News & Politics,none,466398,7316,0,3179,2022-05-12T10:31:32Z,"bbc,bbc news,news,Russia,Ukraine,Nato,Finland,Sweden,ukraine crisis,sanna marin",PT6M37S,hd,False,https://i.ytimg.com/vi/ID6XQgQZaqM/default.jpg,https://www.youtube.com/watch?v=ID6XQgQZaqM
OEiNJNkSRoU,UC16niRr50-MSBwiO3YDb3RA,what does the leak of ukraine war documents tell us  bbc news,BBC News,News & Politics,none,954312,6609,0,2789,2023-04-10T09:14:52Z,"bbc,bbc news,news",PT3M7S,hd,False,https://i.ytimg.com/vi/OEiNJNkSRoU/default.jpg,https://www.youtube.com/watch?v=OEiNJNkSRoU
nf1B7Dhfwt4,UC16niRr50-MSBwiO3YDb3RA,ukraine rapidly expanding its army of drones  bbc news,BBC News,News & Politics,none,229796,3245,0,890,2023-04-26T10:30:12Z,"bbc,bbc news,news",PT3M35S,hd,False,https://i.ytimg.com/vi/nf1B7Dhfwt4/default.jpg,https://www.youtube.com/watch?v=nf1B7Dhfwt4
7WVyS96cq4g,UC16niRr50-MSBwiO3YDb3RA,nato countries to boost ukraines missile defence after major russian strikes   bbc news,BBC News,News & Politics,none,324073,4700,0,1598,2022-10-13T11:00:07Z,"bbc,bbc news,news",PT15M28S,hd,False,https://i.ytimg.com/vi/7WVyS96cq4g/default.jpg,https://www.youtube.com/watch?v=7WVyS96cq4g
_rhWaBlfSng,UC16niRr50-MSBwiO3YDb3RA,war in ukraine could last years warns nato chief  bbc news,BBC News,News & Politics,none,124449,1310,0,1732,2022-06-19T14:43:27Z,"bbc,bbc news,news",PT3M4S,hd,False,https://i.ytimg.com/vi/_rhWaBlfSng/default.jpg,https://www.youtube.com/watch?v=_rhWaBlfSng
at-tOlEN1zM,UC16niRr50-MSBwiO3YDb3RA,why is kaliningrad crucial to the war in ukraine  bbc news,BBC News,News & Politics,none,1086694,9993,0,3738,2022-06-27T17:30:00Z,"bbc,bbc news,news,kaliningrad",PT4M12S,hd,False,https://i.ytimg.com/vi/at-tOlEN1zM/default.jpg,https://www.youtube.com/watch?v=at-tOlEN1zM
uHaF7US-m9I,UC16niRr50-MSBwiO3YDb3RA,ukraine war moment russian fighter jet accidentally bombs own city  bbc news,BBC News,News & Politics,none,153196,1312,0,681,2023-04-21T15:00:41Z,"bbc,bbc news,news",PT55S,hd,False,https://i.ytimg.com/vi/uHaF7US-m9I/default.jpg,https://www.youtube.com/watch?v=uHaF7US-m9I
yqacDmtj9Rk,UC16niRr50-MSBwiO3YDb3RA,ukraines zelensky holds first war phone call with chinas xi  bbc news,BBC News,News & Politics,none,169773,2107,0,1692,2023-04-26T17:00:26Z,"bbc,bbc news,news",PT4M29S,hd,False,https://i.ytimg.com/vi/yqacDmtj9Rk/default.jpg,https://www.youtube.com/watch?v=yqacDmtj9Rk
3ZtV0HsYzmg,UC16niRr50-MSBwiO3YDb3RA,russia tells bbc we did not invade ukraine and there is no war there  bbc news,BBC News,News & Politics,none,1862451,24713,0,16620,2022-06-16T21:30:18Z,"bbc,bbc news,news,Russia,Moscow,Putin,Ukraine,invade,invasion,Nazi,war,deaths,injuries,civilians,crimes,fighting,shelling,artillery,Kyiv,Donbas,Luhansk,army,forces,troops,assault,attack,Steve,Rosenberg,Sergei,Lavrov,Huw,Edwards,foreign,minister,Zelensky,special,military,operation,media,president,UN,UK,Boris,Johnson,offensive,Nato,criminal,civilian,Hitler,SS,Azov,brigade,Mariupol",PT4M18S,hd,False,https://i.ytimg.com/vi/3ZtV0HsYzmg/default.jpg,https://www.youtube.com/watch?v=3ZtV0HsYzmg
NzIUUPH5G88,UC16niRr50-MSBwiO3YDb3RA,russian president vladimir putin accuses ukraine and west of starting war  bbc news,BBC News,News & Politics,none,256394,2588,0,4817,2023-02-21T10:35:30Z,"bbc,bbc news,news",PT8M7S,hd,False,https://i.ytimg.com/vi/NzIUUPH5G88/default.jpg,https://www.youtube.com/watch?v=NzIUUPH5G88
-AZ2ztjYLHU,UC16niRr50-MSBwiO3YDb3RA,belarus will join russia if attacked by ukraine says lukashenko  bbc news,BBC News,News & Politics,none,357727,4952,0,3109,2023-02-17T10:07:29Z,"bbc,bbc news,news",PT8M11S,hd,False,https://i.ytimg.com/vi/-AZ2ztjYLHU/default.jpg,https://www.youtube.com/watch?v=-AZ2ztjYLHU
RzN7zyI4wYA,UC16niRr50-MSBwiO3YDb3RA,ukraine has frank talks with germany as it pushes for tanks  bbc news,BBC News,News & Politics,none,236553,3780,0,3245,2023-01-21T09:30:07Z,"bbc,bbc news,news",PT8M35S,hd,False,https://i.ytimg.com/vi/RzN7zyI4wYA/default.jpg,https://www.youtube.com/watch?v=RzN7zyI4wYA
tbLk1qsq9a8,UC16niRr50-MSBwiO3YDb3RA,reporting the ukraine war from inside russia  bbc news,BBC News,News & Politics,none,133765,2157,0,475,2023-02-23T16:06:18Z,"bbc,bbc news,news",PT5M21S,hd,False,https://i.ytimg.com/vi/tbLk1qsq9a8/default.jpg,https://www.youtube.com/watch?v=tbLk1qsq9a8
bEQhYxCybDo,UC16niRr50-MSBwiO3YDb3RA,european defence ministers meet to discuss aid for ukraine  bbc news,BBC News,News & Politics,none,66699,1178,0,683,2023-01-19T14:44:00Z,"bbc,bbc news,news",PT5M57S,hd,False,https://i.ytimg.com/vi/bEQhYxCybDo/default.jpg,https://www.youtube.com/watch?v=bEQhYxCybDo
73jqanuHZvg,UC16niRr50-MSBwiO3YDb3RA,russians being prepared for use of nuclear weapons says ukraine president zelensky  bbc news,BBC News,News & Politics,none,1279623,20778,0,6624,2022-10-07T21:21:59Z,"bbc,bbc news,news,Ukraine,war,Russia,Putin,nuclear,weapons,strike,radioactive,Zelensky,President,Kyiv,attack,munitions,society,prepare,danger,threat,risk,killed,dead,deaths,injuries,Kremlin,Moscow,international,US,Biden,Nato,Europe,EU,artillery,air,strikes,attacks,east,front,John,Simpson,Reeta,Chakrabarti,possible,warning,warn",PT4M16S,hd,False,https://i.ytimg.com/vi/73jqanuHZvg/default.jpg,https://www.youtube.com/watch?v=73jqanuHZvg
WepzBjOaI7Q,UC16niRr50-MSBwiO3YDb3RA,how has asia reacted to sanctions on russia over ukraine invasion  bbc news,BBC News,News & Politics,none,1134152,11907,0,7154,2022-03-11T17:00:46Z,"bbc,bbc news,news",PT2M44S,hd,False,https://i.ytimg.com/vi/WepzBjOaI7Q/default.jpg,https://www.youtube.com/watch?v=WepzBjOaI7Q
u2ML8ahRvaE,UC16niRr50-MSBwiO3YDb3RA,polish citizens join army in response to russian invasion of ukraine  bbc news,BBC News,News & Politics,none,997357,14244,0,3582,2022-03-23T11:42:50Z,"bbc,bbc news,news",PT3M29S,hd,False,https://i.ytimg.com/vi/u2ML8ahRvaE/default.jpg,https://www.youtube.com/watch?v=u2ML8ahRvaE
hXq6QZgoAQw,UC16niRr50-MSBwiO3YDb3RA,iran denies supplying russia with drones to use in ukraine war  bbc news,BBC News,News & Politics,none,491014,5860,0,3980,2022-10-18T10:16:00Z,"bbc,bbc news,news",PT5M23S,hd,False,https://i.ytimg.com/vi/hXq6QZgoAQw/default.jpg,https://www.youtube.com/watch?v=hXq6QZgoAQw
ACXsH6x3fmg,UC16niRr50-MSBwiO3YDb3RA,russian warship destroyed in occupied port of berdyansk says ukraine  bbc news,BBC News,News & Politics,none,1772230,20947,0,4191,2022-03-24T13:06:19Z,"bbc,bbc news,news,Russia,Ukraine,warship,destroyed,ukraine war,russian war,ukraine crisis,Berdyansk,putin,zelensky",PT1M55S,hd,False,https://i.ytimg.com/vi/ACXsH6x3fmg/default.jpg,https://www.youtube.com/watch?v=ACXsH6x3fmg
I9zEWNChGbw,UC16niRr50-MSBwiO3YDb3RA,has the war in ukraine changed russia  bbc news,BBC News,News & Politics,none,1374676,17375,0,9776,2022-12-30T20:23:55Z,"bbc,bbc news,news",PT4M59S,hd,False,https://i.ytimg.com/vi/I9zEWNChGbw/default.jpg,https://www.youtube.com/watch?v=I9zEWNChGbw
QkVlM8ZvSL8,UC16niRr50-MSBwiO3YDb3RA,how russias kamikaze drones are changing the ukraine war  bbc news,BBC News,News & Politics,none,2278141,16907,0,7456,2022-10-21T20:20:38Z,"bbc,bbc news,news",PT4M54S,hd,False,https://i.ytimg.com/vi/QkVlM8ZvSL8/default.jpg,https://www.youtube.com/watch?v=QkVlM8ZvSL8
-gC65bhVVKU,UC16niRr50-MSBwiO3YDb3RA,putin stages huge prowar rally to mark ukraine invasion anniversary  bbc news,BBC News,News & Politics,none,539532,4217,0,3983,2023-02-22T23:01:40Z,"bbc,bbc news,news,Russia,Moscow,Putin,Stadium,huge,crowd,rally,supporters,flags,invasion,Ukraine,Kyiv,fighting,war,attack,offensive,historic,lands,patriotic,patriotism,cheers,Kremlin,West,US,United,States,Biden,threat,danger,risk,enemy,Zelensky,killed,injured,wounded,troops,forces,china,weapons,munitions,supply,supplies,Beijing,Xi,Huw,Edwards,Steve,Rosenberg,anniversary,year,President",PT4M8S,hd,False,https://i.ytimg.com/vi/-gC65bhVVKU/default.jpg,https://www.youtube.com/watch?v=-gC65bhVVKU
OQBDEZy6Wvk,UC16niRr50-MSBwiO3YDb3RA,ukraine welcomes western tanks as russian missile strikes continue  bbc news,BBC News,News & Politics,none,363395,4341,0,2324,2023-01-26T09:26:49Z,"bbc,bbc news,news",PT11M26S,hd,False,https://i.ytimg.com/vi/OQBDEZy6Wvk/default.jpg,https://www.youtube.com/watch?v=OQBDEZy6Wvk
0iXUu1d7EU4,UC16niRr50-MSBwiO3YDb3RA,ukraine frontline fighting  russian forces attack vuhledar  bbc news,BBC News,News & Politics,none,1227944,13203,0,3561,2023-02-24T22:27:54Z,"bbc,bbc news,news,Ukraine,Russia,resistance,advance,Putin,Bakhmut,Donbas,Luhansk,dead,killed,injured,street,fighting,attack,rockets,mortars,gunfire,wounded,help,risk,threat,danger,forces,soldiers,troops,shell,drones,jets,fighter,Ukrainian,Russian,Zelensky,commander,battle,encircle,city,strikes,deadly,war,killing,enemy,defence,fire,shoot,Orla,Guerin,Clive,Myrie,Goktay,Koraltan,Vuhledar,anniversary,Donetsk",PT5M7S,hd,False,https://i.ytimg.com/vi/0iXUu1d7EU4/default.jpg,https://www.youtube.com/watch?v=0iXUu1d7EU4
2siV0LMT8-A,UC16niRr50-MSBwiO3YDb3RA,ukraine frontline street fighting as russian troops attack bakhmut  bbc news,BBC News,News & Politics,none,1765074,17822,0,4853,2023-02-20T23:53:34Z,"bbc,bbc news,news,Biden,Ukraine,Kyiv,Zelensky,President,surprise,visit,first,anniverary,Russia,invasion,military,aid,air,raid,leader,Clive,Myrie,war,fighting,attack,assault,Putin,Kremlin,Moscow,US,United,States,plane,bombs,tanks,dead,killed,injured,offensive,spring,risk,threat,danger,security,election,campaign,unwavering,guns,shot,shooting,wounded,mortar,street,target,combat,deadly,fighters,bomb,rocket,grenade,rifle,sniper,launcher,evacuate,flee,retreat,advance,army,troops,soldiers,forces",PT3M58S,hd,False,https://i.ytimg.com/vi/2siV0LMT8-A/default.jpg,https://www.youtube.com/watch?v=2siV0LMT8-A
0uG6rMVhJAY,UC16niRr50-MSBwiO3YDb3RA,how the ukraine war has shifted german foreign policy  bbc newsnight,BBC News,News & Politics,none,1441197,16625,0,5126,2022-03-17T12:04:55Z,"bbc,bbc news,news",PT5M59S,hd,False,https://i.ytimg.com/vi/0uG6rMVhJAY/default.jpg,https://www.youtube.com/watch?v=0uG6rMVhJAY
1m007HfP0hI,UC16niRr50-MSBwiO3YDb3RA,inside the secret training bases for foreign soldiers fighting for ukraine  bbc news,BBC News,News & Politics,none,956552,18458,0,4520,2022-06-24T13:51:24Z,"bbc,bbc news,news",PT3M19S,hd,False,https://i.ytimg.com/vi/1m007HfP0hI/default.jpg,https://www.youtube.com/watch?v=1m007HfP0hI
XXaT_DGyei4,UC16niRr50-MSBwiO3YDb3RA,putin annexes ukraine regions in europes biggest land grab since ww  bbc news,BBC News,News & Politics,none,1678528,19187,0,9847,2022-09-30T21:23:43Z,"bbc,bbc news,news,Ukraine,Russia,Moscow,President,Putin,mobilisation,call,up,Russian,Ukrainian,nuclear,threat,warning,weapons,West,territorial,integrity,bluff,army,world,war,two,fighting,killed,dead,Zelensky,Kyiv,Steve,Rosenberg,danger,risk,escalate,escalation,Jane,Hill,Luhansk,Donetsk,Zaporizhzhia,Kherson,Donbas,referendum,annex,seize,annexation,territory,sham,stage,election,vote,ballot,Biden,Nato,sanctions,WW2,second,alliance,Stoltenberg,shock,condemn,grab,seizure,regions,Hiroshima,Nagasaki",PT4M31S,hd,False,https://i.ytimg.com/vi/XXaT_DGyei4/default.jpg,https://www.youtube.com/watch?v=XXaT_DGyei4
BuXGrvm7DP8,UC16niRr50-MSBwiO3YDb3RA,germany sends tanks to ukraine as us says russia will be defeated  bbc news,BBC News,News & Politics,none,4085597,39468,0,14191,2022-04-26T21:54:04Z,"bbc,bbc news,news,Russia,Putin,Germany,tanks,weapons,US,Ukraine,Moscow,Kyiv,NATO,Bulgaria,Poland,gas,UN,United,Nations,States,Guterres,President,Zelensky,diplomacy,talks,negotiations,war,fighting,civilians,dead,killed,deaths,atrocities,mass,graves,denied,denial,accused,crimes,trial,conflict,shelling,bombing,attack,assault,nuclear,threat,danger,risk,escalation,Huw,Edwards,Rosenberg,Adams,Biden,world,energy,UK,Britain,warning,targets,response,proportionate,escalate,target",PT7M25S,hd,False,https://i.ytimg.com/vi/BuXGrvm7DP8/default.jpg,https://www.youtube.com/watch?v=BuXGrvm7DP8
ICDCWFHzlq0,UC16niRr50-MSBwiO3YDb3RA,russia has committed war crimes in ukraine uks russian ambassador appears to admit  bbc newsnight,BBC News,News & Politics,none,381838,5341,0,6839,2022-11-23T06:58:34Z,"bbc,bbc news,news",PT22M10S,hd,False,https://i.ytimg.com/vi/ICDCWFHzlq0/default.jpg,https://www.youtube.com/watch?v=ICDCWFHzlq0
V-4UQyCWjgI,UC16niRr50-MSBwiO3YDb3RA,germany continues to resist sending battle tanks to ukraine  bbc news,BBC News,News & Politics,none,148557,2178,0,2098,2023-01-24T10:35:07Z,"bbc,bbc news,news",PT6M25S,hd,False,https://i.ytimg.com/vi/V-4UQyCWjgI/default.jpg,https://www.youtube.com/watch?v=V-4UQyCWjgI
nAabGKyy7Xg,UC16niRr50-MSBwiO3YDb3RA,russias putin blames west for war in ukraine in victory day speech  bbc news,BBC News,News & Politics,none,2058860,13721,0,15580,2022-05-09T09:01:08Z,"bbc,bbc news,news,Vladimir Putin,Putin,Russia,Victory Day,Moscow,Red Square",PT13M9S,hd,False,https://i.ytimg.com/vi/nAabGKyy7Xg/default.jpg,https://www.youtube.com/watch?v=nAabGKyy7Xg
EQ2uNpY9ddA,UC16niRr50-MSBwiO3YDb3RA,hints of progress in peace talks as ukraine accepts it cannot join nato  bbc news,BBC News,News & Politics,none,750348,6152,0,3597,2022-03-15T23:11:49Z,"bbc,bbc news,news,Ukraine,Kyiv,NATO,western,military,alliance,peace,deal,talks,negotiate,negotiations,compromise,neutral,Donbas,Crimea,US,Biden,Washington,Zelensky,President,Putin,demand,key,Kiev,Moscow,invasion,war,disarm,ceasefire,withdrawal,army,Russia,Russian,killed,dead,shelling,missiles,attack,deaths,casualties,assault,capital,onslaught,terror,fear,horror,airstrike,hospital,Mariupol,children,women,buried,atrocity,civilians,target,targeting,president,siege,Reeta,Chakrabarti,James,Landale",PT3M8S,hd,False,https://i.ytimg.com/vi/EQ2uNpY9ddA/default.jpg,https://www.youtube.com/watch?v=EQ2uNpY9ddA
t88-CHESdh8,UC16niRr50-MSBwiO3YDb3RA,ukraine troops welcome uk plans to provide challenger tanks  bbc news,BBC News,News & Politics,none,496494,6714,0,3214,2023-01-17T15:12:11Z,"bbc,bbc news,news",PT9M36S,hd,False,https://i.ytimg.com/vi/t88-CHESdh8/default.jpg,https://www.youtube.com/watch?v=t88-CHESdh8
As6H7HWNiOM,UC16niRr50-MSBwiO3YDb3RA,germany fails to agree plan to send tanks to ukraine   bbc news,BBC News,News & Politics,none,234950,2870,0,3761,2023-01-20T22:26:29Z,"bbc,bbc news,news,Ukraine,Russia,war,tanks,Challenger,Leopard,Abrams,meeting,Germany,refuses,agree,Kyiv,Moscow,Putin,Zelensky,defence,decision,danger,risk,threat,US,United,States,Biden,killed,dead,injured,attack,supply,Poland,Lloyd,Austin,Secretary,Ramstein,Berlin,Chancellor,minister,force,power,defend,deadlock,Rosenberg,Landale,Parker",PT6M45S,hd,False,https://i.ytimg.com/vi/As6H7HWNiOM/default.jpg,https://www.youtube.com/watch?v=As6H7HWNiOM
ywPGtsKz-ZA,UC16niRr50-MSBwiO3YDb3RA,russia warnsukraine conflict could lead to world war three  bbc news,BBC News,News & Politics,none,423429,5875,0,3473,2022-04-26T10:45:37Z,"bbc,bbc news,news",PT2M17S,hd,False,https://i.ytimg.com/vi/ywPGtsKz-ZA/default.jpg,https://www.youtube.com/watch?v=ywPGtsKz-ZA
udyenOa6aUc,UC16niRr50-MSBwiO3YDb3RA,what will russian president vladimir putin do next in ukraine  bbc news,BBC News,News & Politics,none,444244,5104,0,2001,2022-10-13T15:28:53Z,"bbc,bbc news,news",PT3M21S,hd,False,https://i.ytimg.com/vi/udyenOa6aUc/default.jpg,https://www.youtube.com/watch?v=udyenOa6aUc
wftAPblxQjg,UC16niRr50-MSBwiO3YDb3RA,ukraine war must end with liberation of crimea from russia says zelensky  bbc news,BBC News,News & Politics,none,675983,8233,0,3819,2022-08-10T07:36:29Z,"bbc,bbc news,news",PT2M45S,hd,False,https://i.ytimg.com/vi/wftAPblxQjg/default.jpg,https://www.youtube.com/watch?v=wftAPblxQjg
46-Gn9dxFNY,UC16niRr50-MSBwiO3YDb3RA,ukraines eu membership to be discussed at summit in kyiv  bbc news,BBC News,News & Politics,none,45263,818,0,662,2023-02-03T11:00:03Z,"bbc,bbc news,news",PT8M4S,hd,False,https://i.ytimg.com/vi/46-Gn9dxFNY/default.jpg,https://www.youtube.com/watch?v=46-Gn9dxFNY
ty1NHNbL1n4,UC16niRr50-MSBwiO3YDb3RA,putin puts nuclear deterrent on special alert during ukraine conflict  bbc news,BBC News,News & Politics,none,3345257,33885,0,13545,2022-02-27T15:36:00Z,"bbc,bbc news,news",PT2M25S,hd,False,https://i.ytimg.com/vi/ty1NHNbL1n4/default.jpg,https://www.youtube.com/watch?v=ty1NHNbL1n4
Mt1OXtxUBNo,UC16niRr50-MSBwiO3YDb3RA,a brief history of modern ukraine  bbc news,BBC News,News & Politics,none,754325,7827,0,1338,2022-02-25T11:00:27Z,"bbc,bbc news,news",PT3M37S,hd,False,https://i.ytimg.com/vi/Mt1OXtxUBNo/default.jpg,https://www.youtube.com/watch?v=Mt1OXtxUBNo
H9fJj6fCy4c,UC16niRr50-MSBwiO3YDb3RA,ukraine war russia blames sabotage for new crimea explosions  bbc news,BBC News,News & Politics,none,1271193,15400,0,4122,2022-08-16T12:31:17Z,"bbc,bbc news,news",PT8M31S,hd,False,https://i.ytimg.com/vi/H9fJj6fCy4c/default.jpg,https://www.youtube.com/watch?v=H9fJj6fCy4c
mVqgbsIp48Y,UC16niRr50-MSBwiO3YDb3RA,frontline fighting in ukraine as government forces advance in donbas  bbc news,BBC News,News & Politics,none,1715657,16754,0,2456,2022-10-19T21:55:41Z,"bbc,bbc news,news,Russia,Ukraine,fighting,war,death,attack,assault,advance,Lyman,Kherson,Kyiv,Moscow,Putin,Zelensky,front,frontline,defend,retreat,evacuate,civilians,Zaporizhzhia,Luhansk,Huw,Edwards,Jonathan,Beale,troops,forces,army,Russian,Commander,surrender,tense,gunfire,explosions,shelling,Lee,Durant,Donbas,region,Kremlin,city,blast,injured,wounded,captured,killed,threat,danger,risk,nuclear,weapon,hospital,clinic,doctor,soldier,dead",PT3M51S,hd,False,https://i.ytimg.com/vi/mVqgbsIp48Y/default.jpg,https://www.youtube.com/watch?v=mVqgbsIp48Y
